act,run,variant,row,fve_A,fve_B,fve_C,fve_D,cos_A_sae_orig_vs_orig,cos_B_ar_vs_orig,cos_C_sae_ar_vs_ar,cos_D_sae_ar_vs_orig,n_orig,n_ar,n_shared,n_lost,n_invented,jaccard,control_jaccard,weighted_kept,n_tokens,n_chars,split_method,activation_token_index,offset_into_response,cjk,untagged
0,0,full,0,0.655209,0.847135,0.769358,0.601608,0.994943,0.997758,0.996617,0.994156,143,123,88,55,35,0.494382,0.087649,0.772257,137,729,anchor,128,87,False,False
0,0,no_final,0,0.655209,0.463033,0.751596,0.336659,0.994943,0.992123,0.996357,0.990270,143,66,34,109,32,0.194286,0.043478,0.307273,64,371,anchor,128,87,False,False
0,0,final_only,0,0.655209,0.810262,0.749425,0.579141,0.994943,0.997217,0.996325,0.993827,143,120,82,61,38,0.453039,0.075697,0.728879,72,356,anchor,128,87,False,False
1,0,full,1,0.771495,0.838739,0.845899,0.719194,0.996648,0.997635,0.997740,0.995881,133,118,89,44,29,0.549383,0.035857,0.816067,134,674,anchor,411,393,False,False
1,0,no_final,1,0.771495,0.348991,0.802476,0.378422,0.996648,0.990452,0.997103,0.990883,133,63,20,113,43,0.113636,0.009852,0.236147,59,335,anchor,411,393,False,False
1,0,final_only,1,0.771495,0.752416,0.830633,0.666074,0.996648,0.996369,0.997516,0.995102,133,113,75,58,38,0.438596,0.045082,0.704816,74,337,anchor,411,393,False,False
2,0,full,2,0.675355,0.721497,0.764792,0.562272,0.995238,0.995915,0.996550,0.993579,179,124,79,100,45,0.352679,0.022124,0.559491,135,657,anchor,375,307,False,False
2,0,no_final,2,0.675355,0.632210,0.660540,0.440907,0.995238,0.994606,0.995021,0.991799,179,54,35,144,19,0.176768,0.018987,0.259894,60,325,anchor,375,307,False,False
2,0,final_only,2,0.675355,0.697822,0.794948,0.547613,0.995238,0.995568,0.996992,0.993365,179,108,68,111,40,0.310502,0.028708,0.509361,74,330,anchor,375,307,False,False
3,0,full,3,0.427399,0.726076,0.596417,0.315714,0.991601,0.995982,0.994080,0.989963,161,113,90,71,23,0.489130,0.005025,0.695877,136,697,anchor,265,242,False,False
3,0,no_final,3,0.427399,-0.464155,0.598317,-0.358762,0.991601,0.978524,0.994108,0.980070,161,62,11,150,51,0.051887,0.006757,0.118841,62,330,anchor,265,242,False,False
3,0,final_only,3,0.427399,0.523390,0.655645,0.201453,0.991601,0.993009,0.994950,0.988288,161,105,72,89,33,0.371134,0.005236,0.581980,73,365,anchor,265,242,False,False
4,0,full,4,0.806657,0.776461,0.847416,0.701635,0.997164,0.996721,0.997762,0.995623,105,89,57,48,32,0.416058,0.023041,0.745409,132,705,anchor,265,238,False,False
4,0,no_final,4,0.806657,0.245516,0.774575,0.292201,0.997164,0.988933,0.996694,0.989619,105,48,18,87,30,0.133333,0.000000,0.230021,60,348,anchor,265,238,False,False
4,0,final_only,4,0.806657,0.647926,0.835126,0.612942,0.997164,0.994836,0.997582,0.994323,105,78,45,60,33,0.326087,0.019324,0.657449,71,355,anchor,265,238,False,False
5,0,full,5,0.647326,0.793895,0.756883,0.566723,0.994827,0.996977,0.996434,0.993645,143,104,80,63,24,0.479042,0.023077,0.684108,131,639,anchor,449,427,False,False
5,0,no_final,5,0.647326,0.575222,0.640302,0.377303,0.994827,0.993770,0.994724,0.990866,143,54,37,106,17,0.231250,0.014085,0.337404,60,303,anchor,449,427,False,False
5,0,final_only,5,0.647326,0.699605,0.752296,0.503691,0.994827,0.995594,0.996367,0.992720,143,95,62,81,33,0.352273,0.023904,0.589405,70,334,anchor,449,427,False,False
6,0,full,6,0.648910,0.655150,0.773548,0.471460,0.994850,0.994942,0.996678,0.992247,87,87,56,31,31,0.474576,0.000000,0.674625,128,674,anchor,105,88,False,False
6,0,no_final,6,0.648910,0.069370,0.691187,0.048630,0.994850,0.986350,0.995470,0.986046,87,56,19,68,37,0.153226,0.049587,0.249604,48,279,anchor,105,88,False,False
6,0,final_only,6,0.648910,0.565854,0.803858,0.425196,0.994850,0.993632,0.997123,0.991569,87,77,49,38,28,0.426087,0.000000,0.615905,79,393,anchor,105,88,False,False
7,0,full,7,0.706439,0.892201,0.745249,0.666528,0.995694,0.998419,0.996264,0.995109,150,141,108,42,33,0.590164,0.009662,0.809592,132,675,anchor,376,361,False,False
7,0,no_final,7,0.706439,0.556071,0.652857,0.458487,0.995694,0.993489,0.994908,0.992057,150,75,38,112,37,0.203209,0.014184,0.331106,58,332,anchor,376,361,False,False
7,0,final_only,7,0.706439,0.822738,0.794784,0.636883,0.995694,0.997400,0.996990,0.994674,150,112,90,60,22,0.523256,0.011236,0.717213,73,341,anchor,376,361,False,False
8,0,full,8,0.538298,0.271128,0.729486,0.067400,0.993228,0.989309,0.996032,0.986321,85,70,48,37,22,0.448598,0.012270,0.756449,127,609,anchor,158,139,False,False
8,0,no_final,8,0.538298,-0.365568,0.790230,-0.421340,0.993228,0.979971,0.996924,0.979153,85,51,21,64,30,0.182609,0.020979,0.340213,52,270,anchor,158,139,False,False
8,0,final_only,8,0.538298,-0.152197,0.665903,-0.231800,0.993228,0.983100,0.995100,0.981933,85,58,32,53,26,0.288288,0.006579,0.543977,74,337,anchor,158,139,False,False
9,0,full,9,0.689839,0.902676,0.766077,0.673231,0.995450,0.998573,0.996569,0.995207,138,153,110,28,43,0.607735,0.038793,0.871693,133,686,anchor,120,90,False,False
9,0,no_final,9,0.689839,0.663864,0.748159,0.518696,0.995450,0.995070,0.996306,0.992941,138,80,60,78,20,0.379747,0.030675,0.560855,61,353,anchor,120,90,False,False
9,0,final_only,9,0.689839,0.816028,0.758569,0.619898,0.995450,0.997302,0.996459,0.994425,138,116,81,57,35,0.468208,0.025126,0.723482,71,331,anchor,120,90,False,False
10,0,full,10,0.897072,0.858452,0.911040,0.851814,0.998491,0.997924,0.998695,0.997827,110,111,70,40,41,0.463576,0.028302,0.788196,129,681,anchor,300,285,False,False
10,0,no_final,10,0.897072,0.484048,0.819211,0.667059,0.998491,0.992433,0.997348,0.995117,110,50,18,92,32,0.126761,0.006410,0.294476,47,262,anchor,300,285,False,False
10,0,final_only,10,0.897072,0.810379,0.908917,0.822885,0.998491,0.997219,0.998665,0.997403,110,102,56,54,46,0.358974,0.024510,0.697647,81,417,anchor,300,285,False,False
11,0,full,11,0.768310,0.539008,0.747447,0.406780,0.996602,0.993239,0.996296,0.991299,93,70,39,54,31,0.314516,0.009901,0.595814,133,684,anchor,506,258,False,False
11,0,no_final,11,0.768310,0.290587,0.781239,0.261211,0.996602,0.989595,0.996791,0.989164,93,58,25,68,33,0.198413,0.010526,0.302021,63,312,anchor,506,258,False,False
11,0,final_only,11,0.768310,0.324150,0.734611,0.317328,0.996602,0.990087,0.996108,0.989987,93,61,30,63,31,0.241935,0.015625,0.422788,69,370,anchor,506,258,False,False
12,0,full,12,0.395537,0.628665,0.615706,0.236388,0.991134,0.994553,0.994364,0.988800,74,75,48,26,27,0.475248,0.015789,0.741038,132,578,anchor,396,371,False,False
12,0,no_final,12,0.395537,0.154867,0.626397,0.016975,0.991134,0.987604,0.994520,0.985581,74,50,22,52,28,0.215686,0.005988,0.441744,60,299,anchor,396,371,False,False
12,0,final_only,12,0.395537,0.410732,0.635142,0.194061,0.991134,0.991357,0.994649,0.988179,74,70,41,33,29,0.398058,0.005348,0.718499,71,277,anchor,396,371,False,False
13,0,full,13,0.785367,0.884890,0.796809,0.746563,0.996852,0.998311,0.997020,0.996283,107,101,80,27,21,0.625000,0.028455,0.893175,136,704,anchor,408,379,False,False
13,0,no_final,13,0.785367,0.165700,0.774700,0.253991,0.996852,0.987763,0.996695,0.989058,107,56,14,93,42,0.093960,0.014634,0.169685,56,328,anchor,408,379,False,False
13,0,final_only,13,0.785367,0.789497,0.779557,0.702599,0.996852,0.996912,0.996766,0.995638,107,91,66,41,25,0.500000,0.025316,0.788502,79,374,anchor,408,379,False,False
14,0,full,14,0.778845,0.797197,0.855889,0.681360,0.996756,0.997026,0.997886,0.995327,122,102,65,57,37,0.408805,0.024490,0.691664,137,709,anchor,394,347,False,False
14,0,no_final,14,0.778845,0.647979,0.821137,0.572745,0.996756,0.994836,0.997377,0.993734,122,65,32,90,33,0.206452,0.014218,0.369529,63,334,anchor,394,347,False,False
14,0,final_only,14,0.778845,0.731575,0.820602,0.623281,0.996756,0.996063,0.997369,0.994475,122,87,52,70,35,0.331210,0.017241,0.498499,73,373,anchor,394,347,False,False
15,0,full,15,0.596367,0.756918,0.698492,0.514945,0.994080,0.996434,0.995578,0.992885,120,112,72,48,40,0.450000,0.048000,0.671435,133,691,anchor,417,396,False,False
15,0,no_final,15,0.596367,0.382966,0.638210,0.270586,0.994080,0.990950,0.994693,0.989301,120,60,28,92,32,0.184211,0.024390,0.281641,54,310,anchor,417,396,False,False
15,0,final_only,15,0.596367,0.608965,0.735514,0.451096,0.994080,0.994265,0.996121,0.991949,120,86,52,68,34,0.337662,0.058296,0.526756,78,379,anchor,417,396,False,False
16,0,full,16,0.734052,0.815059,0.803465,0.691007,0.996099,0.997287,0.997117,0.995468,114,108,74,40,34,0.500000,0.012448,0.812361,134,657,anchor,296,277,False,False
16,0,no_final,16,0.734052,0.137869,0.669210,0.243188,0.996099,0.987355,0.995149,0.988899,114,57,11,103,46,0.068750,0.015789,0.083757,55,308,anchor,296,277,False,False
16,0,final_only,16,0.734052,0.773472,0.821032,0.646144,0.996099,0.996677,0.997375,0.994810,114,112,62,52,50,0.378049,0.004049,0.737270,78,347,anchor,296,277,False,False
17,0,full,17,0.390788,0.837452,0.542143,0.349403,0.991065,0.997616,0.993285,0.990457,116,96,73,43,23,0.525180,0.008772,0.778194,130,629,anchor,125,106,False,False
17,0,no_final,17,0.390788,0.249201,0.502821,0.025584,0.991065,0.988988,0.992708,0.985708,116,78,30,86,48,0.182927,0.039216,0.355964,59,309,anchor,125,106,False,False
17,0,final_only,17,0.390788,0.744551,0.651549,0.325501,0.991065,0.996253,0.994889,0.990107,116,84,59,57,25,0.418440,0.009259,0.710859,70,318,anchor,125,106,False,False
18,0,full,18,0.737607,0.791029,0.818289,0.676398,0.996151,0.996935,0.997335,0.995254,90,80,58,32,22,0.517857,0.029412,0.818333,133,653,anchor,440,422,False,False
18,0,no_final,18,0.737607,0.174406,0.642002,0.153611,0.996151,0.987890,0.994749,0.987586,90,41,16,74,25,0.139130,0.017857,0.192296,55,321,anchor,440,422,False,False
18,0,final_only,18,0.737607,0.662706,0.831901,0.628671,0.996151,0.995052,0.997534,0.994554,90,87,50,40,37,0.393701,0.053398,0.750750,77,330,anchor,440,422,False,False
19,0,full,19,0.687160,0.780011,0.804865,0.598695,0.995412,0.996773,0.997137,0.994114,115,94,61,54,33,0.412162,0.014706,0.706392,134,668,anchor,297,226,False,False
19,0,no_final,19,0.687160,0.076127,0.783085,0.166681,0.995412,0.986449,0.996818,0.987777,115,68,14,101,54,0.082840,0.022599,0.093227,56,305,anchor,297,226,False,False
19,0,final_only,19,0.687160,0.747891,0.833135,0.600381,0.995412,0.996302,0.997553,0.994138,115,94,59,56,35,0.393333,0.014706,0.680957,77,361,anchor,297,226,False,False
20,0,full,20,0.594070,0.510559,0.743879,0.411543,0.994046,0.992821,0.996243,0.991369,80,56,40,40,16,0.416667,0.064220,0.693435,136,625,anchor,288,274,False,False
20,0,no_final,20,0.594070,0.289777,0.711446,0.181494,0.994046,0.989583,0.995768,0.987995,80,50,31,49,19,0.313131,0.078431,0.526469,63,319,anchor,288,274,False,False
20,0,final_only,20,0.594070,0.423302,0.712536,0.392489,0.994046,0.991541,0.995783,0.991089,80,60,38,42,22,0.372549,0.061947,0.658950,72,301,anchor,288,274,False,False
21,0,full,21,-0.931765,0.347204,-0.197390,-1.062080,0.971666,0.990425,0.982437,0.969754,173,113,92,81,21,0.474227,0.014423,0.641391,134,560,anchor,207,182,False,False
21,0,no_final,21,-0.931765,-1.616143,0.588175,-1.651054,0.971666,0.961627,0.993959,0.961116,173,54,11,162,43,0.050926,0.020134,0.123089,59,280,anchor,207,182,False,False
21,0,final_only,21,-0.931765,-1.390645,0.644490,-1.678297,0.971666,0.964935,0.994786,0.960716,173,54,26,147,28,0.129353,0.006623,0.209428,74,278,anchor,207,182,False,False
22,0,full,22,0.795290,0.890517,0.848998,0.757696,0.996998,0.998394,0.997785,0.996446,108,95,70,38,25,0.526316,0.005128,0.826751,134,612,anchor,150,130,False,False
22,0,no_final,22,0.795290,0.212526,0.751669,0.410728,0.996998,0.988450,0.996358,0.991357,108,46,9,99,37,0.062069,0.006849,0.112534,55,279,anchor,150,130,False,False
22,0,final_only,22,0.795290,0.836042,0.859742,0.737908,0.996998,0.997595,0.997942,0.996156,108,91,62,46,29,0.452555,0.005236,0.758477,78,331,anchor,150,130,False,False
23,0,full,23,0.387131,0.351233,0.738766,0.116099,0.991010,0.990484,0.996168,0.987035,101,81,59,42,22,0.479675,0.020513,0.727235,133,568,anchor,479,456,False,False
23,0,no_final,23,0.387131,-0.971436,0.623999,-0.718116,0.991010,0.971084,0.994485,0.974799,101,70,17,84,53,0.110390,0.016216,0.246145,59,285,anchor,479,456,False,False
23,0,final_only,23,0.387131,0.227867,0.787746,0.030276,0.991010,0.988674,0.996887,0.985776,101,72,46,55,26,0.362205,0.016043,0.633759,73,281,anchor,479,456,False,False
24,0,full,24,0.658870,0.795416,0.718144,0.598756,0.994996,0.996999,0.995867,0.994115,84,67,50,34,17,0.495050,0.000000,0.796221,135,631,anchor,414,399,False,False
24,0,no_final,24,0.658870,-0.176368,0.699486,-0.022230,0.994996,0.982746,0.995592,0.985006,84,57,10,74,47,0.076336,0.014354,0.161231,66,335,anchor,414,399,False,False
24,0,final_only,24,0.658870,0.555963,0.696171,0.472577,0.994996,0.993487,0.995544,0.992264,84,62,36,48,26,0.327273,0.000000,0.657450,68,294,anchor,414,399,False,False
25,0,full,25,0.392996,0.382254,0.645500,0.215783,0.991097,0.990939,0.994800,0.988497,80,91,47,33,44,0.379032,0.000000,0.734801,131,746,anchor,215,169,False,False
25,0,no_final,25,0.392996,0.081467,0.676045,-0.112738,0.991097,0.986528,0.995248,0.983679,80,63,23,57,40,0.191667,0.000000,0.328127,57,364,anchor,215,169,False,False
25,0,final_only,25,0.392996,0.354851,0.675238,0.201280,0.991097,0.990538,0.995237,0.988285,80,61,40,40,21,0.396040,0.000000,0.709159,73,380,anchor,215,169,False,False
26,0,full,26,0.557032,0.765067,0.665882,0.491512,0.993503,0.996554,0.995099,0.992542,110,98,64,46,34,0.444444,0.024691,0.718665,136,591,anchor,246,228,False,False
26,0,no_final,26,0.557032,0.576759,0.676205,0.389739,0.993503,0.993792,0.995251,0.991049,110,72,43,67,29,0.309353,0.015924,0.502582,62,290,anchor,246,228,False,False
26,0,final_only,26,0.557032,0.620513,0.650866,0.448052,0.993503,0.994434,0.994879,0.991904,110,93,53,57,40,0.353333,0.026480,0.643674,73,299,anchor,246,228,False,False
27,0,full,27,0.310095,0.442461,0.659646,0.103148,0.989881,0.991822,0.995008,0.986845,92,56,37,55,19,0.333333,0.014218,0.649955,129,673,anchor,435,402,False,False
27,0,no_final,27,0.310095,0.182964,0.649167,0.010969,0.989881,0.988016,0.994855,0.985493,92,83,34,58,49,0.241135,0.012605,0.578643,60,329,anchor,435,402,False,False
27,0,final_only,27,0.310095,0.319429,0.666964,0.120227,0.989881,0.990017,0.995115,0.987096,92,64,36,56,28,0.300000,0.004525,0.625232,68,342,anchor,435,402,False,False
28,0,full,28,0.109535,0.800479,0.336255,0.069773,0.986939,0.997073,0.990265,0.986356,118,91,76,42,15,0.571429,0.030837,0.759981,133,666,anchor,312,289,False,False
28,0,no_final,28,0.109535,-0.337188,0.314912,-0.331763,0.986939,0.980387,0.989951,0.980466,118,89,53,65,36,0.344156,0.017544,0.541315,60,334,anchor,312,289,False,False
28,0,final_only,28,0.109535,0.707044,0.376915,0.048163,0.986939,0.995703,0.990861,0.986039,118,84,67,51,17,0.496296,0.022523,0.715480,72,330,anchor,312,289,False,False
29,0,full,29,0.642180,0.817270,0.758630,0.573798,0.994752,0.997320,0.996459,0.993749,162,123,87,75,36,0.439394,0.019608,0.686307,128,658,anchor,267,245,False,False
29,0,no_final,29,0.642180,0.589448,0.682739,0.430802,0.994752,0.993978,0.995346,0.991651,162,64,32,130,32,0.164948,0.034722,0.249582,52,295,anchor,267,245,False,False
29,0,final_only,29,0.642180,0.781400,0.696339,0.526062,0.994752,0.996794,0.995546,0.993048,162,89,63,99,26,0.335106,0.035714,0.520469,75,361,anchor,267,245,False,False
30,0,full,30,0.667530,0.814893,0.764256,0.591124,0.995124,0.997285,0.996542,0.994003,154,146,98,56,48,0.485149,0.041494,0.735731,133,634,anchor,265,252,False,False
30,0,no_final,30,0.667530,0.639742,0.772177,0.500485,0.995124,0.994716,0.996659,0.992674,154,82,50,104,32,0.268817,0.021858,0.460430,56,300,anchor,265,252,False,False
30,0,final_only,30,0.667530,0.727426,0.753106,0.554260,0.995124,0.996002,0.996379,0.993462,154,126,84,70,42,0.428571,0.050000,0.675411,76,332,anchor,265,252,False,False
31,0,full,31,0.804623,0.847963,0.868040,0.762625,0.997134,0.997770,0.998065,0.996518,118,112,67,51,45,0.411043,0.010471,0.703875,135,697,anchor,185,146,False,False
31,0,no_final,31,0.804623,0.769398,0.879986,0.725163,0.997134,0.996618,0.998240,0.995969,118,92,48,70,44,0.296296,0.017647,0.569954,62,356,anchor,185,146,False,False
31,0,final_only,31,0.804623,0.831422,0.869279,0.749879,0.997134,0.997527,0.998083,0.996331,118,81,53,65,28,0.363014,0.006211,0.609063,72,339,anchor,185,146,False,False
32,0,full,32,0.226457,0.596824,0.515157,0.119391,0.988654,0.994086,0.992889,0.987084,154,118,79,75,39,0.409326,0.005155,0.633124,136,655,anchor,116,90,False,False
32,0,no_final,32,0.226457,-0.329954,0.760224,-0.321994,0.988654,0.980493,0.996483,0.980610,154,42,11,143,31,0.059459,0.025862,0.130673,56,313,anchor,116,90,False,False
32,0,final_only,32,0.226457,0.460584,0.467921,0.079545,0.988654,0.992088,0.992195,0.986499,154,118,69,85,49,0.339901,0.010363,0.573580,79,340,anchor,116,90,False,False
33,0,full,33,0.708545,0.833473,0.760532,0.644044,0.995725,0.997558,0.996488,0.994779,109,93,70,39,23,0.530303,0.051948,0.747357,135,718,anchor,313,297,False,False
33,0,no_final,33,0.708545,0.631789,0.689490,0.500086,0.995725,0.994599,0.995445,0.992667,109,68,41,68,27,0.301471,0.033175,0.477453,60,333,anchor,313,297,False,False
33,0,final_only,33,0.708545,0.703035,0.750696,0.539295,0.995725,0.995644,0.996343,0.993243,109,73,51,58,22,0.389313,0.042056,0.583588,74,383,anchor,313,297,False,False
34,0,full,34,0.249821,0.702889,0.401327,0.161573,0.988997,0.995642,0.991219,0.987702,115,113,78,37,35,0.520000,0.013100,0.768044,130,656,anchor,462,440,False,False
34,0,no_final,34,0.249821,-0.039257,0.523667,-0.163129,0.988997,0.984756,0.993013,0.982940,115,72,33,82,39,0.214286,0.026882,0.420614,64,363,anchor,462,440,False,False
34,0,final_only,34,0.249821,0.613633,0.352824,0.152647,0.988997,0.994333,0.990508,0.987571,115,124,75,40,49,0.457317,0.008299,0.750021,65,291,anchor,462,440,False,False
35,0,full,35,0.627494,0.772712,0.747393,0.563124,0.994536,0.996667,0.996295,0.993592,99,69,52,47,17,0.448276,0.012048,0.740168,131,646,anchor,95,78,False,False
35,0,no_final,35,0.627494,-0.058257,0.792694,-0.033288,0.994536,0.984478,0.996959,0.984844,99,56,12,87,44,0.083916,0.006494,0.133214,64,342,anchor,95,78,False,False
35,0,final_only,35,0.627494,0.446092,0.699062,0.404879,0.994536,0.991876,0.995586,0.991271,99,60,36,63,24,0.292683,0.012739,0.578693,66,302,anchor,95,78,False,False
36,0,full,36,0.733637,0.721671,0.849288,0.657468,0.996093,0.995917,0.997790,0.994976,75,73,48,27,25,0.480000,0.032609,0.840753,134,560,anchor,301,163,False,False
36,0,no_final,36,0.733637,-0.344018,0.844605,-0.274720,0.996093,0.980287,0.997721,0.981303,75,56,16,59,40,0.139130,0.017647,0.167700,68,321,anchor,301,163,False,False
36,0,final_only,36,0.733637,0.712791,0.863967,0.674341,0.996093,0.995788,0.998005,0.995223,75,71,45,30,26,0.445545,0.021739,0.837302,65,237,anchor,301,163,False,False
37,0,full,37,0.282631,0.268409,0.687903,0.051950,0.989478,0.989269,0.995423,0.986095,94,55,33,61,22,0.284483,0.000000,0.532755,135,594,anchor,436,411,False,False
37,0,no_final,37,0.282631,-0.497287,0.538273,-0.337913,0.989478,0.978039,0.993227,0.980376,94,50,7,87,43,0.051095,0.004831,0.096636,64,310,anchor,436,411,False,False
37,0,final_only,37,0.282631,0.227348,0.696529,0.042840,0.989478,0.988667,0.995549,0.985961,94,56,29,65,27,0.239669,0.004695,0.509493,70,282,anchor,436,411,False,False
38,0,full,38,0.822584,0.875894,0.860408,0.760537,0.997398,0.998180,0.997953,0.996488,140,109,81,59,28,0.482143,0.014778,0.739442,136,660,anchor,194,171,False,False
38,0,no_final,38,0.822584,0.699289,0.835809,0.666818,0.997398,0.995589,0.997592,0.995113,140,60,34,106,26,0.204819,0.012903,0.345172,63,351,anchor,194,171,False,False
38,0,final_only,38,0.822584,0.807433,0.861055,0.725115,0.997398,0.997176,0.997962,0.995968,140,76,48,92,28,0.285714,0.017647,0.500328,72,307,anchor,194,171,False,False
39,0,full,39,0.800119,0.830309,0.835426,0.728077,0.997068,0.997510,0.997586,0.996011,115,86,65,50,21,0.477941,0.024390,0.785882,135,706,anchor,265,248,False,False
39,0,no_final,39,0.800119,0.339925,0.749808,0.420542,0.997068,0.990318,0.996330,0.991501,115,50,19,96,31,0.130137,0.009346,0.323533,60,366,anchor,265,248,False,False
39,0,final_only,39,0.800119,0.660655,0.840958,0.585243,0.997068,0.995022,0.997667,0.993916,115,76,48,67,28,0.335664,0.025424,0.682299,74,338,anchor,265,248,False,False
40,0,full,40,0.733367,0.675713,0.810081,0.592575,0.996089,0.995243,0.997215,0.994025,90,65,41,49,24,0.359649,0.046667,0.656226,135,620,anchor,140,123,False,False
40,0,no_final,40,0.733367,0.252757,0.704261,0.275061,0.996089,0.989040,0.995663,0.989367,90,62,24,66,38,0.187500,0.062069,0.357430,57,291,anchor,140,123,False,False
40,0,final_only,40,0.733367,0.439383,0.723743,0.424875,0.996089,0.991777,0.995948,0.991564,90,57,29,61,28,0.245763,0.041958,0.476243,77,327,anchor,140,123,False,False
41,0,full,41,0.641642,0.784699,0.799104,0.576049,0.994744,0.996842,0.997053,0.993782,111,91,60,51,31,0.422535,0.025974,0.657524,133,708,anchor,409,369,False,False
41,0,no_final,41,0.641642,0.219707,0.775308,0.272625,0.994744,0.988555,0.996704,0.989331,111,56,16,95,40,0.105960,0.010000,0.139628,60,382,anchor,409,369,False,False
41,0,final_only,41,0.641642,0.742521,0.771967,0.539469,0.994744,0.996224,0.996655,0.993245,111,81,52,59,29,0.371429,0.036530,0.584818,72,324,anchor,409,369,False,False
42,0,full,42,0.603901,0.799577,0.723226,0.550420,0.994190,0.997060,0.995940,0.993406,90,73,54,36,19,0.495413,0.024590,0.734198,135,606,anchor,107,87,False,False
42,0,no_final,42,0.603901,0.583007,0.697238,0.337527,0.994190,0.993884,0.995559,0.990283,90,43,28,62,15,0.266667,0.013825,0.477278,60,305,anchor,107,87,False,False
42,0,final_only,42,0.603901,0.753925,0.742589,0.523913,0.994190,0.996391,0.996224,0.993017,90,76,52,38,24,0.456140,0.032653,0.713477,74,299,anchor,107,87,False,False
43,0,full,43,0.135550,0.906270,0.227509,0.103134,0.987321,0.998624,0.988669,0.986845,122,110,89,33,21,0.622378,0.055000,0.836765,128,644,anchor,225,207,False,False
43,0,no_final,43,0.135550,-0.327604,0.482346,-0.511182,0.987321,0.980527,0.992408,0.977835,122,70,21,101,49,0.122807,0.017857,0.215501,58,332,anchor,225,207,False,False
43,0,final_only,43,0.135550,0.875657,0.261646,0.118679,0.987321,0.998176,0.989170,0.987073,122,102,87,35,15,0.635036,0.051813,0.842688,69,310,anchor,225,207,False,False
44,0,full,44,0.579691,0.828239,0.665939,0.532090,0.993835,0.997481,0.995100,0.993137,97,93,63,34,30,0.496063,0.011364,0.778415,136,693,anchor,102,79,False,False
44,0,no_final,44,0.579691,0.596730,0.752729,0.444153,0.993835,0.994085,0.996373,0.991847,97,58,39,58,19,0.336207,0.007042,0.544956,63,343,anchor,102,79,False,False
44,0,final_only,44,0.579691,0.769920,0.716844,0.519093,0.993835,0.996625,0.995847,0.992946,97,75,53,44,22,0.445378,0.006289,0.735943,72,348,anchor,102,79,False,False
45,0,full,45,0.520678,0.796948,0.591955,0.452580,0.992969,0.997022,0.994015,0.991971,160,128,97,63,31,0.507853,0.030702,0.709755,137,687,anchor,499,478,False,False
45,0,no_final,45,0.520678,0.623293,0.570679,0.391359,0.992969,0.994475,0.993703,0.991073,160,94,61,99,33,0.316062,0.041451,0.515785,64,360,anchor,499,478,False,False
45,0,final_only,45,0.520678,0.692424,0.616200,0.402580,0.992969,0.995488,0.994371,0.991237,160,126,86,74,40,0.430000,0.026432,0.636814,72,325,anchor,499,478,False,False
46,0,full,46,0.693129,0.751239,0.739414,0.605657,0.995499,0.996351,0.996178,0.994216,125,98,66,59,32,0.420382,0.061453,0.688151,132,637,anchor,266,246,False,False
46,0,no_final,46,0.693129,0.473360,0.679483,0.319053,0.995499,0.992276,0.995299,0.990012,125,44,20,105,24,0.134228,0.030303,0.207813,62,320,anchor,266,246,False,False
46,0,final_only,46,0.693129,0.604317,0.673948,0.509817,0.995499,0.994197,0.995218,0.992810,125,82,50,75,32,0.318471,0.048193,0.556011,69,315,anchor,266,246,False,False
47,0,full,47,0.724025,0.852214,0.813635,0.681162,0.995952,0.997832,0.997267,0.995324,141,147,97,44,50,0.507853,0.041270,0.799591,136,739,anchor,468,411,False,False
47,0,no_final,47,0.724025,0.663532,0.771873,0.535426,0.995952,0.995065,0.996654,0.993186,141,61,39,102,22,0.239264,0.012552,0.343376,59,355,anchor,468,411,False,False
47,0,final_only,47,0.724025,0.737090,0.775462,0.645454,0.995952,0.996144,0.996707,0.994800,141,115,71,70,44,0.383784,0.034965,0.664192,76,382,anchor,468,411,False,False
48,0,full,48,0.407616,0.488870,0.694612,0.265801,0.991311,0.992503,0.995520,0.989231,73,47,32,41,15,0.363636,0.029070,0.653995,133,772,anchor,381,324,False,False
48,0,no_final,48,0.407616,0.161906,0.695531,0.109558,0.991311,0.987708,0.995534,0.986939,73,50,20,53,30,0.194175,0.028571,0.489184,56,353,anchor,381,324,False,False
48,0,final_only,48,0.407616,0.445556,0.740007,0.250794,0.991311,0.991868,0.996186,0.989011,73,47,33,40,14,0.379310,0.029070,0.653643,76,417,anchor,381,324,False,False
49,0,full,49,0.577471,0.588451,0.634979,0.414392,0.993802,0.993964,0.994646,0.991410,131,98,65,66,33,0.396341,0.011905,0.605730,128,627,anchor,115,95,False,False
49,0,no_final,49,0.577471,0.347487,0.742848,0.324891,0.993802,0.990429,0.996228,0.990098,131,61,32,99,29,0.200000,0.007576,0.325513,59,319,anchor,115,95,False,False
49,0,final_only,49,0.577471,0.532608,0.677347,0.388257,0.993802,0.993144,0.995268,0.991028,131,72,51,80,21,0.335526,0.028571,0.499237,68,306,anchor,115,95,False,False
50,0,full,50,0.529423,0.670186,0.666602,0.467825,0.993098,0.995163,0.995110,0.992195,95,84,52,43,32,0.409449,0.035294,0.736737,135,743,anchor,407,381,False,False
50,0,no_final,50,0.529423,0.077868,0.664519,0.098488,0.993098,0.986475,0.995079,0.986777,95,42,9,86,33,0.070312,0.080645,0.119109,60,369,anchor,407,381,False,False
50,0,final_only,50,0.529423,0.558516,0.687956,0.439837,0.993098,0.993525,0.995423,0.991784,95,80,44,51,36,0.335878,0.042424,0.664532,74,372,anchor,407,381,False,False
51,0,full,51,0.670808,0.795047,0.665214,0.604518,0.995172,0.996994,0.995089,0.994200,105,91,75,30,16,0.619835,0.062176,0.834708,136,684,anchor,130,114,False,False
51,0,no_final,51,0.670808,0.757508,0.668730,0.594076,0.995172,0.996444,0.995141,0.994047,105,86,71,34,15,0.591667,0.063830,0.812168,64,331,anchor,130,114,False,False
51,0,final_only,51,0.670808,0.737921,0.662895,0.582690,0.995172,0.996156,0.995055,0.993880,105,87,67,38,20,0.536000,0.063492,0.785400,71,351,anchor,130,114,False,False
52,0,full,52,0.578343,-0.213024,0.765365,-0.171059,0.993815,0.982208,0.996558,0.982823,51,53,18,33,35,0.209302,0.191011,0.657655,126,582,anchor,228,212,False,False
52,0,no_final,52,0.578343,-0.608969,0.754646,-0.590387,0.993815,0.976400,0.996401,0.976673,51,50,13,38,37,0.147727,0.072917,0.529045,54,268,anchor,228,212,False,False
52,0,final_only,52,0.578343,-0.410086,0.758315,-0.337967,0.993815,0.979318,0.996455,0.980375,51,52,16,35,36,0.183908,0.166667,0.587059,71,312,anchor,228,212,False,False
53,0,full,53,0.576292,0.767141,0.644186,0.522146,0.993785,0.996585,0.994781,0.992991,96,96,65,31,31,0.511811,0.011905,0.772269,132,690,anchor,276,255,False,False
53,0,no_final,53,0.576292,0.430942,0.684816,0.274915,0.993785,0.991653,0.995377,0.989365,96,52,35,61,17,0.309735,0.050000,0.575118,59,323,anchor,276,255,False,False
53,0,final_only,53,0.576292,0.644718,0.663252,0.473456,0.993785,0.994789,0.995061,0.992277,96,75,52,44,23,0.436975,0.013605,0.653792,72,365,anchor,276,255,False,False
54,0,full,54,0.644138,0.719775,0.745801,0.556749,0.994781,0.995890,0.996272,0.993499,123,97,63,60,34,0.401274,0.061135,0.635638,133,783,anchor,307,253,False,False
54,0,no_final,54,0.644138,0.530626,0.685788,0.434749,0.994781,0.993116,0.995392,0.991710,123,74,25,98,49,0.145349,0.032864,0.294574,61,407,anchor,307,253,False,False
54,0,final_only,54,0.644138,0.637715,0.796872,0.476188,0.994781,0.994687,0.997021,0.992317,123,76,44,79,32,0.283871,0.057143,0.503547,71,374,anchor,307,253,False,False
55,0,full,55,-0.550006,0.129501,0.092508,-0.769923,0.977265,0.987232,0.986689,0.974039,147,89,56,91,33,0.311111,0.012987,0.555818,121,608,anchor,95,69,False,False
55,0,no_final,55,-0.550006,-0.487027,0.257694,-0.936149,0.977265,0.978189,0.989112,0.971601,147,64,41,106,23,0.241176,0.004808,0.456926,52,289,anchor,95,69,False,False
55,0,final_only,55,-0.550006,0.130288,0.163218,-0.756334,0.977265,0.987243,0.987727,0.974239,147,90,52,95,38,0.281081,0.008584,0.535870,68,317,anchor,95,69,False,False
56,0,full,56,0.780292,0.873205,0.787265,0.734819,0.996777,0.998140,0.996880,0.996111,186,185,127,59,58,0.520492,0.007299,0.804874,132,710,anchor,309,294,False,False
56,0,no_final,56,0.780292,0.700850,0.762368,0.644414,0.996777,0.995612,0.996515,0.994784,186,97,64,122,33,0.292237,0.016216,0.473768,54,331,anchor,309,294,False,False
56,0,final_only,56,0.780292,0.858490,0.825471,0.736706,0.996777,0.997924,0.997440,0.996138,186,163,118,68,45,0.510823,0.007937,0.767088,77,377,anchor,309,294,False,False
57,0,full,57,0.688357,0.122924,0.757080,0.153720,0.995429,0.987136,0.996437,0.987587,45,49,21,24,28,0.287671,0.005848,0.642483,133,588,anchor,134,118,False,False
57,0,no_final,57,0.688357,-0.455673,0.675120,-0.362589,0.995429,0.978649,0.995235,0.980014,45,41,11,34,30,0.146667,0.006135,0.466014,68,356,anchor,134,118,False,False
57,0,final_only,57,0.688357,-0.105382,0.727175,0.038021,0.995429,0.983787,0.995998,0.985890,45,46,18,27,28,0.246575,0.005952,0.644564,64,230,anchor,134,118,False,False
58,0,full,58,0.230185,0.226331,0.627705,-0.129932,0.988709,0.988652,0.994539,0.983427,90,62,39,51,23,0.345133,0.013953,0.532400,135,629,anchor,320,210,False,False
58,0,no_final,58,0.230185,-0.550376,0.781261,-0.538899,0.988709,0.977260,0.996792,0.977428,90,92,22,68,70,0.137500,0.029046,0.198042,70,358,anchor,320,210,False,False
58,0,final_only,58,0.230185,0.079656,0.652409,-0.227584,0.988709,0.986501,0.994902,0.981994,90,51,31,59,20,0.281818,0.009756,0.495264,64,269,anchor,320,210,False,False
59,0,full,59,0.632153,0.434578,0.832573,0.386902,0.994605,0.991706,0.997545,0.991007,76,84,42,34,42,0.355932,0.007143,0.686330,134,711,anchor,376,332,False,False
59,0,no_final,59,0.632153,0.158719,0.813784,0.134635,0.994605,0.987660,0.997269,0.987307,76,52,26,50,26,0.254902,0.009259,0.445466,54,315,anchor,376,332,False,False
59,0,final_only,59,0.632153,0.361856,0.808873,0.283245,0.994605,0.990640,0.997197,0.989487,76,70,29,47,41,0.247863,0.007937,0.485398,79,394,anchor,376,332,False,False
60,0,full,60,0.360122,0.305040,0.466976,0.057949,0.990614,0.989807,0.992182,0.986182,84,57,40,44,17,0.396040,0.015873,0.695638,132,443,anchor,359,324,False,False
60,0,no_final,60,0.360122,-0.100568,0.598513,-0.247769,0.990614,0.983857,0.994111,0.981698,84,44,27,57,17,0.267327,0.005618,0.535425,76,244,anchor,359,324,False,False
60,0,final_only,60,0.360122,-0.379455,0.432854,-0.387173,0.990614,0.979767,0.991681,0.979653,84,51,24,60,27,0.216216,0.016393,0.356153,55,197,anchor,359,324,False,False
61,0,full,61,0.660430,0.612430,0.709322,0.459115,0.995019,0.994316,0.995736,0.992066,53,60,34,19,26,0.430380,0.027149,0.766751,132,625,anchor,397,384,False,False
61,0,no_final,61,0.660430,0.236483,0.707301,0.047274,0.995019,0.988802,0.995707,0.986026,53,68,21,32,47,0.210000,0.035242,0.278687,59,272,anchor,397,384,False,False
61,0,final_only,61,0.660430,0.356404,0.642469,0.360185,0.995019,0.990560,0.994756,0.990615,53,58,23,30,35,0.261364,0.036866,0.569345,72,351,anchor,397,384,False,False
62,0,full,62,0.547476,0.739240,0.647866,0.462505,0.993363,0.996175,0.994835,0.992116,105,82,55,50,27,0.416667,0.015564,0.710471,135,600,anchor,114,97,False,False
62,0,no_final,62,0.547476,0.671097,0.645062,0.441966,0.993363,0.995176,0.994794,0.991815,105,74,46,59,28,0.345865,0.003968,0.633353,61,316,anchor,114,97,False,False
62,0,final_only,62,0.547476,0.723354,0.680348,0.457661,0.993363,0.995943,0.995312,0.992045,105,81,52,53,29,0.388060,0.007752,0.685020,73,282,anchor,114,97,False,False
63,0,full,63,0.715293,0.874462,0.796182,0.681254,0.995824,0.998159,0.997011,0.995325,188,159,120,68,39,0.528634,0.064885,0.755562,136,775,anchor,498,443,False,False
63,0,no_final,63,0.715293,0.745322,0.786283,0.599626,0.995824,0.996265,0.996865,0.994128,188,87,63,125,24,0.297170,0.029851,0.443575,63,412,anchor,498,443,False,False
63,0,final_only,63,0.715293,0.776876,0.817663,0.618273,0.995824,0.996727,0.997326,0.994401,188,118,82,106,36,0.366071,0.053097,0.573616,72,361,anchor,498,443,False,False
64,0,full,64,-0.524089,0.538862,-0.182525,-0.665131,0.977645,0.993236,0.982655,0.975576,166,129,89,77,40,0.432039,0.008696,0.628835,131,653,anchor,249,232,False,False
64,0,no_final,64,-0.524089,-0.128546,0.484588,-0.871389,0.977645,0.983447,0.992440,0.972551,166,66,37,129,29,0.189744,0.000000,0.303502,59,356,anchor,249,232,False,False
64,0,final_only,64,-0.524089,-0.146197,0.489448,-0.798485,0.977645,0.983188,0.992511,0.973620,166,64,39,127,25,0.204188,0.012121,0.357448,71,295,anchor,249,232,False,False
65,0,full,65,0.289527,0.744886,0.445262,0.227857,0.989579,0.996258,0.991863,0.988675,213,124,105,108,19,0.452586,0.004425,0.610452,131,648,anchor,213,194,False,False
65,0,no_final,65,0.289527,0.449341,0.554648,0.025015,0.989579,0.991923,0.993468,0.985699,213,56,35,178,21,0.149573,0.025806,0.284451,52,292,anchor,213,194,False,False
65,0,final_only,65,0.289527,0.300618,0.603980,-0.006614,0.989579,0.989742,0.994192,0.985236,213,84,54,159,30,0.222222,0.000000,0.345163,78,354,anchor,213,194,False,False
66,0,full,66,0.768481,0.763654,0.861815,0.662840,0.996604,0.996533,0.997973,0.995055,110,95,68,42,27,0.496350,0.000000,0.736126,136,676,anchor,470,445,False,False
66,0,no_final,66,0.768481,0.493641,0.810155,0.451490,0.996604,0.992573,0.997215,0.991955,110,51,25,85,26,0.183824,0.007299,0.387431,67,338,anchor,470,445,False,False
66,0,final_only,66,0.768481,0.737023,0.848879,0.652873,0.996604,0.996143,0.997784,0.994909,110,88,63,47,25,0.466667,0.000000,0.732031,68,336,anchor,470,445,False,False
67,0,full,67,0.633315,0.930194,0.659520,0.617649,0.994622,0.998976,0.995006,0.994392,98,89,72,26,17,0.626087,0.014085,0.843611,129,588,anchor,244,207,False,False
67,0,no_final,67,0.633315,0.792197,0.681507,0.531503,0.994622,0.996952,0.995329,0.993129,98,59,47,51,12,0.427273,0.008850,0.650224,51,278,anchor,244,207,False,False
67,0,final_only,67,0.633315,0.863511,0.641498,0.601437,0.994622,0.997997,0.994741,0.994154,98,94,70,28,24,0.573770,0.020548,0.832341,77,308,anchor,244,207,False,False
68,0,full,68,0.447292,0.692398,0.681037,0.345185,0.991894,0.995489,0.995322,0.990395,85,57,41,44,16,0.405941,0.029703,0.693968,133,762,anchor,144,75,False,False
68,0,no_final,68,0.447292,0.324314,0.657245,0.243624,0.991894,0.990090,0.994973,0.988906,85,52,28,57,24,0.256881,0.015000,0.543165,61,396,anchor,144,75,False,False
68,0,final_only,68,0.447292,0.453566,0.814699,0.284153,0.991894,0.991985,0.997282,0.989501,85,57,32,53,25,0.290909,0.014634,0.604165,71,364,anchor,144,75,False,False
69,0,full,69,0.715002,0.826931,0.823880,0.648875,0.995820,0.997462,0.997417,0.994850,136,127,82,54,45,0.453039,0.038095,0.764337,137,681,anchor,295,241,False,False
69,0,no_final,69,0.715002,0.463086,0.693553,0.368914,0.995820,0.992125,0.995505,0.990744,136,38,17,119,21,0.108280,0.032000,0.235968,65,342,anchor,295,241,False,False
69,0,final_only,69,0.715002,0.766155,0.820997,0.615157,0.995820,0.996570,0.997375,0.994355,136,99,69,67,30,0.415663,0.027027,0.665378,71,337,anchor,295,241,False,False
70,0,full,70,0.638614,0.853482,0.717292,0.586333,0.994700,0.997851,0.995853,0.993932,105,99,68,37,31,0.500000,0.015707,0.765047,133,658,anchor,420,405,False,False
70,0,no_final,70,0.638614,0.763726,0.699934,0.553608,0.994700,0.996534,0.995599,0.993453,105,72,49,56,23,0.382812,0.012121,0.628481,65,362,anchor,420,405,False,False
70,0,final_only,70,0.638614,0.749347,0.721410,0.556469,0.994700,0.996323,0.995914,0.993494,105,94,58,47,36,0.411348,0.021622,0.667523,67,294,anchor,420,405,False,False
71,0,full,71,0.660138,0.693847,0.714549,0.517837,0.995015,0.995510,0.995813,0.992928,109,76,52,57,24,0.390977,0.020000,0.680757,129,707,anchor,161,132,False,False
71,0,no_final,71,0.660138,0.235920,0.739403,0.238359,0.995015,0.988793,0.996178,0.988828,109,62,29,80,33,0.204225,0.010638,0.453448,53,330,anchor,161,132,False,False
71,0,final_only,71,0.660138,0.672226,0.716391,0.494640,0.995015,0.995193,0.995840,0.992588,109,68,51,58,17,0.404762,0.015544,0.685274,75,375,anchor,161,132,False,False
72,0,full,72,0.553410,0.786315,0.731195,0.490779,0.993449,0.996866,0.996058,0.992531,98,101,58,40,43,0.411348,0.021186,0.727754,134,682,anchor,358,181,False,False
72,0,no_final,72,0.553410,0.178801,0.749006,0.120353,0.993449,0.987955,0.996318,0.987098,98,60,14,84,46,0.097222,0.041667,0.174662,58,349,anchor,358,181,False,False
72,0,final_only,72,0.553410,0.656310,0.738373,0.438319,0.993449,0.994959,0.996162,0.991762,98,89,48,50,41,0.345324,0.022321,0.681067,75,331,anchor,358,181,False,False
73,0,full,73,0.455447,0.731739,0.600708,0.387432,0.992012,0.996065,0.994143,0.991015,127,87,65,62,22,0.436242,0.030568,0.649669,136,602,anchor,95,62,False,False
73,0,no_final,73,0.455447,0.598633,0.612533,0.333811,0.992012,0.994113,0.994317,0.990228,127,71,50,77,21,0.337838,0.028037,0.552787,62,329,anchor,95,62,False,False
73,0,final_only,73,0.455447,0.648126,0.630215,0.323218,0.992012,0.994839,0.994576,0.990073,127,74,53,74,21,0.358108,0.027650,0.554565,73,271,anchor,95,62,False,False
74,0,full,74,0.567569,0.413062,0.747052,0.373292,0.993657,0.991391,0.996289,0.990808,81,45,26,55,19,0.260000,0.005208,0.530785,131,633,anchor,374,351,False,False
74,0,no_final,74,0.567569,0.226868,0.801996,0.202129,0.993657,0.988660,0.997096,0.988297,81,62,24,57,38,0.201681,0.029412,0.323970,51,282,anchor,374,351,False,False
74,0,final_only,74,0.567569,0.205296,0.676666,0.285579,0.993657,0.988344,0.995258,0.989521,81,52,24,57,28,0.220183,0.005025,0.516093,79,349,anchor,374,351,False,False
75,0,full,75,0.616972,0.714607,0.760282,0.518050,0.994382,0.995814,0.996484,0.992931,149,125,76,73,49,0.383838,0.042471,0.656694,134,765,anchor,290,250,False,False
75,0,no_final,75,0.616972,0.390420,0.770116,0.325677,0.994382,0.991059,0.996628,0.990110,149,76,31,118,45,0.159794,0.023148,0.341842,59,354,anchor,290,250,False,False
75,0,final_only,75,0.616972,0.567961,0.775902,0.451862,0.994382,0.993663,0.996713,0.991960,149,111,61,88,50,0.306533,0.071130,0.546675,74,409,anchor,290,250,False,False
76,0,full,76,0.418468,0.748922,0.553964,0.340233,0.991470,0.996317,0.993458,0.990323,118,97,73,45,24,0.514085,0.024390,0.769628,132,701,anchor,209,199,False,False
76,0,no_final,76,0.418468,0.111788,0.640911,-0.017804,0.991470,0.986972,0.994733,0.985071,118,53,17,101,36,0.110390,0.019608,0.145790,52,323,anchor,209,199,False,False
76,0,final_only,76,0.418468,0.565333,0.605148,0.251929,0.991470,0.993625,0.994209,0.989028,118,77,55,63,22,0.392857,0.004329,0.669354,79,376,anchor,209,199,False,False
77,0,full,77,0.592868,0.752585,0.725787,0.528328,0.994028,0.996371,0.995978,0.993082,107,73,49,58,24,0.374046,0.000000,0.656128,137,665,anchor,115,91,False,False
77,0,no_final,77,0.592868,0.166338,0.739650,0.123787,0.994028,0.987773,0.996181,0.987148,107,75,12,95,63,0.070588,0.019139,0.142153,65,331,anchor,115,91,False,False
77,0,final_only,77,0.592868,0.690896,0.740268,0.473542,0.994028,0.995467,0.996191,0.992278,107,71,42,65,29,0.308824,0.004808,0.557486,71,332,anchor,115,91,False,False
78,0,full,78,0.457108,0.817141,0.606176,0.411615,0.992037,0.997318,0.994223,0.991370,113,107,74,39,33,0.506849,0.018349,0.799414,134,703,anchor,318,301,False,False
78,0,no_final,78,0.457108,0.279772,0.741598,0.100950,0.992037,0.989436,0.996210,0.986813,113,63,25,88,38,0.165563,0.022989,0.324877,58,334,anchor,318,301,False,False
78,0,final_only,78,0.457108,0.750953,0.640542,0.371555,0.992037,0.996347,0.994728,0.990782,113,88,66,47,22,0.488889,0.015000,0.753935,75,367,anchor,318,301,False,False
79,0,full,79,0.723152,0.783845,0.793630,0.636679,0.995939,0.996829,0.996973,0.994671,146,106,75,71,31,0.423729,0.025926,0.670937,136,665,anchor,364,348,False,False
79,0,no_final,79,0.723152,0.595244,0.821054,0.503557,0.995939,0.994063,0.997376,0.992719,146,88,49,97,39,0.264865,0.023715,0.508177,63,313,anchor,364,348,False,False
79,0,final_only,79,0.723152,0.642068,0.761636,0.563306,0.995939,0.994750,0.996504,0.993595,146,81,47,99,34,0.261111,0.020243,0.464099,72,350,anchor,364,348,False,False
80,0,full,80,0.381392,0.208994,0.462007,0.065830,0.990927,0.988398,0.992109,0.986298,126,128,53,73,75,0.263682,0.005376,0.490345,134,655,anchor,490,396,False,False
80,0,no_final,80,0.381392,0.010145,0.462078,0.006787,0.990927,0.985482,0.992110,0.985432,126,90,39,87,51,0.220339,0.013605,0.401354,58,311,anchor,490,396,False,False
80,0,final_only,80,0.381392,0.234895,0.565852,0.078289,0.990927,0.988778,0.993632,0.986481,126,107,52,74,55,0.287293,0.006061,0.483066,75,342,anchor,490,396,False,False
81,0,full,81,-0.049155,0.588684,-0.023677,-0.186873,0.984611,0.993967,0.984985,0.982591,130,125,86,44,39,0.508876,0.038136,0.770564,135,685,anchor,260,245,False,False
81,0,no_final,81,-0.049155,0.082844,0.274435,-0.452125,0.984611,0.986548,0.989358,0.978701,130,82,46,84,36,0.277108,0.025381,0.441140,60,330,anchor,260,245,False,False
81,0,final_only,81,-0.049155,0.429503,0.284126,-0.237260,0.984611,0.991632,0.989500,0.981852,130,86,62,68,24,0.402597,0.024876,0.645576,74,353,anchor,260,245,False,False
82,0,full,82,0.432204,0.712994,0.377843,0.214077,0.991672,0.995791,0.990874,0.988473,159,148,108,51,40,0.542714,0.016892,0.746768,133,623,anchor,151,119,False,False
82,0,no_final,82,0.432204,-0.167382,0.745392,-0.121441,0.991672,0.982877,0.996266,0.983551,159,59,16,143,43,0.079208,0.009524,0.089866,59,280,anchor,151,119,False,False
82,0,final_only,82,0.432204,0.594780,0.382793,0.143908,0.991672,0.994057,0.990947,0.987443,159,116,86,73,30,0.455026,0.011278,0.633171,73,341,anchor,151,119,False,False
83,0,full,83,0.239687,0.635691,0.445513,0.181712,0.988848,0.994657,0.991867,0.987997,108,104,59,49,45,0.385621,0.024510,0.736463,137,596,anchor,437,420,False,False
83,0,no_final,83,0.239687,-0.524088,0.738771,-0.462173,0.988848,0.977646,0.996168,0.978553,108,43,7,101,36,0.048611,0.080292,0.091896,64,304,anchor,437,420,False,False
83,0,final_only,83,0.239687,0.505688,0.461552,0.094611,0.988848,0.992749,0.992102,0.986720,108,83,45,63,38,0.308219,0.010753,0.629877,72,290,anchor,437,420,False,False
84,0,full,84,-0.256105,0.541447,0.149670,-0.345613,0.981576,0.993274,0.987528,0.980263,144,122,84,60,38,0.461538,0.027491,0.650048,134,640,anchor,116,98,False,False
84,0,no_final,84,-0.256105,0.108976,0.259986,-0.576235,0.981576,0.986930,0.989146,0.976881,144,66,33,111,33,0.186441,0.012500,0.291934,62,330,anchor,116,98,False,False
84,0,final_only,84,-0.256105,0.527308,0.162164,-0.333204,0.981576,0.993067,0.987710,0.980445,144,109,82,62,27,0.479532,0.028777,0.653482,71,308,anchor,116,98,False,False
85,0,full,85,0.591965,0.669429,0.722853,0.504911,0.994015,0.995152,0.995936,0.992738,59,48,31,28,17,0.407895,0.028169,0.771454,133,642,anchor,171,157,False,False
85,0,no_final,85,0.591965,0.426815,0.658038,0.389453,0.994015,0.991593,0.994984,0.991045,59,46,17,42,29,0.193182,0.014085,0.549629,61,328,anchor,171,157,False,False
85,0,final_only,85,0.591965,0.626619,0.830093,0.486360,0.994015,0.994524,0.997508,0.992466,59,34,29,30,5,0.453125,0.039370,0.754188,71,312,anchor,171,157,False,False
86,0,full,86,0.792094,0.811025,0.850264,0.747791,0.996950,0.997229,0.997803,0.996300,92,61,46,46,15,0.429907,0.006061,0.725630,131,648,anchor,106,93,False,False
86,0,no_final,86,0.792094,0.655328,0.827321,0.729792,0.996950,0.994945,0.997467,0.996036,92,60,41,51,19,0.369369,0.006098,0.684048,56,318,anchor,106,93,False,False
86,0,final_only,86,0.792094,0.742341,0.826350,0.712897,0.996950,0.996221,0.997453,0.995788,92,66,40,52,26,0.338983,0.005882,0.672361,74,328,anchor,106,93,False,False
87,0,full,87,0.689112,0.751932,0.807705,0.617342,0.995440,0.996361,0.997179,0.994387,74,62,45,29,17,0.494505,0.000000,0.807593,136,636,anchor,163,108,False,False
87,0,no_final,87,0.689112,-0.156808,0.768154,0.032119,0.995440,0.983032,0.996599,0.985803,74,54,15,59,39,0.132743,0.005747,0.205183,59,328,anchor,163,108,False,False
87,0,final_only,87,0.689112,0.657544,0.783839,0.574411,0.995440,0.994977,0.996829,0.993758,74,55,44,30,11,0.517647,0.000000,0.785481,76,306,anchor,163,108,False,False
88,0,full,88,0.242038,0.514977,0.629086,0.151842,0.988883,0.992886,0.994559,0.987559,100,68,49,51,19,0.411765,0.012422,0.714821,132,617,anchor,409,388,False,False
88,0,no_final,88,0.242038,0.361666,0.605160,0.052436,0.988883,0.990637,0.994209,0.986102,100,57,34,66,23,0.276423,0.013333,0.564329,52,293,anchor,409,388,False,False
88,0,final_only,88,0.242038,0.340171,0.674109,0.027416,0.988883,0.990322,0.995220,0.985735,100,61,42,58,19,0.352941,0.012987,0.620323,79,322,anchor,409,388,False,False
89,0,full,89,0.389933,0.253077,0.660037,0.201039,0.991052,0.989045,0.995014,0.988281,76,59,45,31,14,0.500000,0.000000,0.771089,135,602,anchor,438,417,False,False
89,0,no_final,89,0.389933,-0.738186,0.568648,-0.610776,0.991052,0.974505,0.993673,0.976374,76,54,18,58,36,0.160714,0.005988,0.355551,66,306,anchor,438,417,False,False
89,0,final_only,89,0.389933,0.139845,0.663871,0.139986,0.991052,0.987384,0.995070,0.987386,76,54,39,37,15,0.428571,0.000000,0.711143,68,294,anchor,438,417,False,False
90,0,full,90,0.801495,0.793474,0.852546,0.704096,0.997088,0.996970,0.997837,0.995660,94,91,63,31,28,0.516393,0.058140,0.816684,135,692,anchor,272,234,False,False
90,0,no_final,90,0.801495,0.055886,0.673596,0.223775,0.997088,0.986152,0.995213,0.988615,94,48,19,75,29,0.154472,0.014599,0.164708,57,304,anchor,272,234,False,False
90,0,final_only,90,0.801495,0.710921,0.845363,0.641232,0.997088,0.995760,0.997732,0.994738,94,69,46,48,23,0.393162,0.059603,0.700593,77,386,anchor,272,234,False,False
91,0,full,91,0.800966,0.705671,0.880013,0.606452,0.997081,0.995683,0.998240,0.994228,150,129,74,76,55,0.360976,0.036735,0.568349,135,671,anchor,425,406,False,False
91,0,no_final,91,0.800966,0.551082,0.857420,0.525240,0.997081,0.993416,0.997909,0.993037,150,81,42,108,39,0.222222,0.014778,0.342058,52,295,anchor,425,406,False,False
91,0,final_only,91,0.800966,0.664984,0.846241,0.551608,0.997081,0.995086,0.997745,0.993423,150,93,58,92,35,0.313514,0.033175,0.444801,82,374,anchor,425,406,False,False
92,0,full,92,0.513262,0.314728,0.767585,0.184737,0.992861,0.989949,0.996591,0.988042,114,75,48,66,27,0.340426,0.011299,0.629855,134,655,anchor,444,407,False,False
92,0,no_final,92,0.513262,0.098434,0.796773,0.091375,0.992861,0.986776,0.997019,0.986672,114,51,36,78,15,0.279070,0.013072,0.523506,59,322,anchor,444,407,False,False
92,0,final_only,92,0.513262,0.172875,0.769224,0.076625,0.992861,0.987868,0.996615,0.986456,114,71,43,71,28,0.302817,0.011561,0.567650,74,331,anchor,444,407,False,False
93,0,full,93,0.667724,0.151921,0.790170,0.106440,0.995126,0.987561,0.996923,0.986894,86,54,25,61,29,0.217391,0.018750,0.329880,131,565,anchor,239,222,False,False
93,0,no_final,93,0.667724,-0.045696,0.697900,-0.004433,0.995126,0.984662,0.995569,0.985267,86,50,20,66,30,0.172414,0.032468,0.279865,53,273,anchor,239,222,False,False
93,0,final_only,93,0.667724,0.081997,0.771110,0.047231,0.995126,0.986535,0.996643,0.986025,86,42,20,66,22,0.185185,0.027211,0.261977,77,290,anchor,239,222,False,False
94,0,full,94,0.676223,0.771563,0.753885,0.560278,0.995251,0.996649,0.996390,0.993550,146,111,64,82,47,0.331606,0.014563,0.594743,135,719,anchor,466,446,False,False
94,0,no_final,94,0.676223,0.594810,0.794635,0.490187,0.995251,0.994057,0.996988,0.992522,146,74,37,109,37,0.202186,0.011765,0.404524,58,330,anchor,466,446,False,False
94,0,final_only,94,0.676223,0.738394,0.779626,0.538611,0.995251,0.996163,0.996768,0.993232,146,103,54,92,49,0.276923,0.020305,0.545928,76,387,anchor,466,446,False,False
95,0,full,95,0.631961,0.793722,0.739891,0.571111,0.994602,0.996974,0.996185,0.993709,160,135,89,71,46,0.432039,0.011765,0.717862,131,744,anchor,218,168,False,False
95,0,no_final,95,0.631961,0.618661,0.733513,0.479207,0.994602,0.994406,0.996091,0.992361,160,81,53,107,28,0.281915,0.008547,0.476802,54,368,anchor,218,168,False,False
95,0,final_only,95,0.631961,0.724992,0.789760,0.546702,0.994602,0.995966,0.996916,0.993351,160,103,68,92,35,0.348718,0.000000,0.576022,76,374,anchor,218,168,False,False
96,0,full,96,0.581234,0.693066,0.738202,0.487360,0.993858,0.995498,0.996160,0.992482,170,131,80,90,51,0.361991,0.047101,0.601629,135,716,anchor,453,68,False,False
96,0,no_final,96,0.581234,0.454769,0.697753,0.353308,0.993858,0.992002,0.995567,0.990515,170,54,31,139,23,0.160622,0.009524,0.312008,55,314,anchor,453,68,False,False
96,0,final_only,96,0.581234,0.600472,0.711600,0.406571,0.993858,0.994140,0.995770,0.991296,170,113,61,109,52,0.274775,0.026515,0.504786,79,400,anchor,453,68,False,False
97,0,full,97,0.758182,0.865330,0.835100,0.703692,0.996453,0.998025,0.997581,0.995654,154,113,90,64,23,0.508475,0.071918,0.783391,134,628,anchor,245,147,False,False
97,0,no_final,97,0.758182,0.710006,0.783652,0.584967,0.996453,0.995747,0.996827,0.993912,154,57,40,114,17,0.233918,0.036290,0.478235,60,317,anchor,245,147,False,False
97,0,final_only,97,0.758182,0.816083,0.842508,0.666332,0.996453,0.997303,0.997691,0.995106,154,92,70,84,22,0.397727,0.065693,0.696260,73,309,anchor,245,147,False,False
98,0,full,98,-0.039704,0.369263,0.194835,-0.144231,0.984750,0.990748,0.988190,0.983217,121,94,62,59,32,0.405229,0.020513,0.706162,133,599,anchor,351,332,False,False
98,0,no_final,98,-0.039704,-0.491688,-0.024987,-0.604332,0.984750,0.978121,0.984966,0.976468,121,103,38,83,65,0.204301,0.014634,0.382065,56,314,anchor,351,332,False,False
98,0,final_only,98,-0.039704,0.029469,0.633563,-0.298491,0.984750,0.985765,0.994626,0.980954,121,56,34,87,22,0.237762,0.006250,0.472805,76,283,anchor,351,332,False,False
99,0,full,99,0.498283,0.834719,0.616578,0.467725,0.992641,0.997576,0.994376,0.992193,72,54,42,30,12,0.500000,0.012195,0.763451,133,709,anchor,130,111,False,False
99,0,no_final,99,0.498283,0.649831,0.581293,0.422794,0.992641,0.994864,0.993859,0.991533,72,55,39,33,16,0.443182,0.024540,0.694476,58,353,anchor,130,111,False,False
99,0,final_only,99,0.498283,0.793881,0.674827,0.461688,0.992641,0.996977,0.995231,0.992104,72,49,35,37,14,0.406977,0.006250,0.692231,74,354,anchor,130,111,False,False
100,0,full,100,0.679789,0.718844,0.736578,0.546212,0.995303,0.995876,0.996136,0.993344,150,133,92,58,41,0.481675,0.078125,0.744411,135,655,anchor,154,139,False,False
100,0,no_final,100,0.679789,0.563361,0.685788,0.419648,0.995303,0.993595,0.995391,0.991488,150,82,54,96,28,0.303371,0.041667,0.449879,61,319,anchor,154,139,False,False
100,0,final_only,100,0.679789,0.717266,0.763907,0.543130,0.995303,0.995853,0.996537,0.993299,150,110,79,71,31,0.436464,0.067511,0.664661,73,334,anchor,154,139,False,False
101,0,full,101,0.602712,0.811782,0.773305,0.561247,0.994172,0.997239,0.996675,0.993565,142,113,74,68,39,0.408840,0.060345,0.672918,136,618,anchor,158,138,False,False
101,0,no_final,101,0.602712,0.760301,0.773130,0.514054,0.994172,0.996485,0.996673,0.992873,142,61,50,92,11,0.326797,0.021053,0.519160,62,317,anchor,158,138,False,False
101,0,final_only,101,0.602712,0.697769,0.798526,0.500830,0.994172,0.995567,0.997045,0.992678,142,63,44,98,19,0.273292,0.026178,0.490980,73,299,anchor,158,138,False,False
102,0,full,102,0.377865,0.655375,0.579742,0.284591,0.990875,0.994945,0.993836,0.989507,107,112,64,43,48,0.412903,0.024648,0.745706,137,626,anchor,131,116,False,False
102,0,no_final,102,0.377865,0.184615,0.573163,-0.033825,0.990875,0.988041,0.993740,0.984836,107,71,34,73,37,0.236111,0.008065,0.374482,63,300,anchor,131,116,False,False
102,0,final_only,102,0.377865,0.560216,0.573213,0.248856,0.990875,0.993550,0.993740,0.988982,107,94,56,51,38,0.386207,0.018657,0.671504,73,324,anchor,131,116,False,False
103,0,full,103,0.879961,0.843160,0.928865,0.844137,0.998239,0.997700,0.998957,0.997714,87,61,43,44,18,0.409524,0.013699,0.777386,135,673,anchor,89,53,False,False
103,0,no_final,103,0.879961,-0.037354,0.610392,0.013162,0.998239,0.984784,0.994286,0.985526,87,39,7,80,32,0.058824,0.000000,0.066275,59,309,anchor,89,53,False,False
103,0,final_only,103,0.879961,0.758101,0.892996,0.802369,0.998239,0.996452,0.998431,0.997101,87,66,37,50,29,0.318966,0.013393,0.675335,75,362,anchor,89,53,False,False
104,0,full,104,0.620297,0.898695,0.635651,0.571098,0.994431,0.998515,0.994656,0.993709,133,114,90,43,24,0.573248,0.023364,0.760365,125,572,anchor,126,110,False,False
104,0,no_final,104,0.620297,0.591126,0.647918,0.424918,0.994431,0.994003,0.994836,0.991565,133,51,34,99,17,0.226667,0.012987,0.355531,50,264,anchor,126,110,False,False
104,0,final_only,104,0.620297,0.871662,0.660736,0.560047,0.994431,0.998118,0.995024,0.993547,133,106,82,51,24,0.522293,0.009569,0.733303,74,306,anchor,126,110,False,False
105,0,full,105,0.721324,0.808165,0.764966,0.629839,0.995912,0.997186,0.996552,0.994571,162,123,83,79,40,0.410891,0.019157,0.635546,132,720,anchor,473,193,False,False
105,0,no_final,105,0.721324,0.582797,0.814134,0.537096,0.995912,0.993880,0.997274,0.993210,162,80,43,119,37,0.216080,0.018265,0.386986,58,338,anchor,473,193,False,False
105,0,final_only,105,0.721324,0.696954,0.754415,0.583041,0.995912,0.995555,0.996398,0.993884,162,124,70,92,54,0.324074,0.022989,0.538788,73,380,anchor,473,193,False,False
106,0,full,106,0.674667,0.858113,0.714941,0.651450,0.995228,0.997919,0.995819,0.994888,71,66,51,20,15,0.593023,0.006579,0.887639,135,612,anchor,414,397,False,False
106,0,no_final,106,0.674667,0.555416,0.713355,0.464226,0.995228,0.993479,0.995796,0.992142,71,79,28,43,51,0.229508,0.012195,0.404073,58,306,anchor,414,397,False,False
106,0,final_only,106,0.674667,0.724923,0.717024,0.592458,0.995228,0.995966,0.995849,0.994022,71,64,39,32,25,0.406250,0.000000,0.737860,76,304,anchor,414,397,False,False
107,0,full,107,0.557331,0.620969,0.762531,0.488221,0.993507,0.994441,0.996517,0.992493,68,50,29,39,21,0.325843,0.000000,0.690687,132,613,anchor,363,345,False,False
107,0,no_final,107,0.557331,0.283456,0.728587,0.333952,0.993507,0.989490,0.996019,0.990231,68,46,19,49,27,0.200000,0.000000,0.520142,60,304,anchor,363,345,False,False
107,0,final_only,107,0.557331,0.676621,0.793356,0.507905,0.993507,0.995257,0.996969,0.992782,68,46,33,35,13,0.407407,0.005128,0.716281,71,307,anchor,363,345,False,False
108,0,full,108,0.625863,0.734278,0.766813,0.561120,0.994512,0.996102,0.996579,0.993563,95,88,48,47,40,0.355556,0.011696,0.638240,133,618,anchor,147,131,False,False
108,0,no_final,108,0.625863,0.555418,0.728529,0.448034,0.994512,0.993479,0.996019,0.991904,95,62,25,70,37,0.189394,0.013793,0.299973,57,285,anchor,147,131,False,False
108,0,final_only,108,0.625863,0.613616,0.778361,0.514197,0.994512,0.994333,0.996749,0.992875,95,69,38,57,31,0.301587,0.013158,0.559350,75,331,anchor,147,131,False,False
109,0,full,109,0.605234,0.750545,0.653423,0.543059,0.994210,0.996341,0.994917,0.993298,88,80,49,39,31,0.411765,0.013953,0.737838,136,687,anchor,424,259,False,False
109,0,no_final,109,0.605234,0.267273,0.601724,0.146026,0.994210,0.989253,0.994158,0.987474,88,60,22,66,38,0.174603,0.015385,0.338531,58,328,anchor,424,259,False,False
109,0,final_only,109,0.605234,0.667781,0.696129,0.469009,0.994210,0.995128,0.995543,0.992212,88,68,37,51,31,0.310924,0.004878,0.607906,77,357,anchor,424,259,False,False
110,0,full,110,0.675479,0.829985,0.761281,0.599324,0.995240,0.997506,0.996498,0.994123,107,99,70,37,29,0.514706,0.034653,0.752424,134,695,anchor,106,84,False,False
110,0,no_final,110,0.675479,0.142887,0.745154,0.244299,0.995240,0.987428,0.996262,0.988915,107,57,15,92,42,0.100671,0.024540,0.169457,56,294,anchor,106,84,False,False
110,0,final_only,110,0.675479,0.763514,0.772986,0.580033,0.995240,0.996531,0.996671,0.993840,107,97,70,37,27,0.522388,0.014706,0.764323,77,399,anchor,106,84,False,False
111,0,full,111,0.426873,0.696263,0.497418,0.277868,0.991594,0.995545,0.992629,0.989408,134,143,85,49,58,0.442708,0.017241,0.766153,134,622,anchor,413,400,False,False
111,0,no_final,111,0.426873,0.387702,0.703384,0.174553,0.991594,0.991020,0.995649,0.987892,134,79,46,88,33,0.275449,0.017751,0.479552,64,329,anchor,413,400,False,False
111,0,final_only,111,0.426873,0.685770,0.509420,0.286348,0.991594,0.995392,0.992804,0.989533,134,140,89,45,51,0.481081,0.017467,0.791803,69,291,anchor,413,400,False,False
112,0,full,112,0.820170,0.926565,0.833953,0.786325,0.997363,0.998923,0.997564,0.996865,118,89,68,50,21,0.489209,0.006173,0.796585,131,760,anchor,340,263,False,False
112,0,no_final,112,0.820170,0.739551,0.757018,0.653696,0.997363,0.996180,0.996436,0.994921,118,53,27,91,26,0.187500,0.016000,0.407815,54,357,anchor,340,263,False,False
112,0,final_only,112,0.820170,0.875800,0.829099,0.769951,0.997363,0.998178,0.997493,0.996625,118,98,66,52,32,0.440000,0.005848,0.760516,76,401,anchor,340,263,False,False
113,0,full,113,0.714069,0.872233,0.775409,0.675305,0.995806,0.998126,0.996706,0.995237,152,129,89,63,40,0.463542,0.044248,0.731881,131,679,anchor,154,131,False,False
113,0,no_final,113,0.714069,0.667827,0.788617,0.566802,0.995806,0.995128,0.996900,0.993646,152,97,54,98,43,0.276923,0.030303,0.473368,52,297,anchor,154,131,False,False
113,0,final_only,113,0.714069,0.804611,0.770566,0.609058,0.995806,0.997134,0.996635,0.994266,152,87,66,86,21,0.381503,0.026455,0.584278,78,380,anchor,154,131,False,False
114,0,full,114,0.420690,0.559324,0.507614,0.255306,0.991503,0.993536,0.992778,0.989078,149,100,60,89,40,0.317460,0.037383,0.526205,135,648,anchor,294,272,False,False
114,0,no_final,114,0.420690,0.025253,0.561675,-0.026588,0.991503,0.985703,0.993571,0.984942,149,51,21,128,30,0.117318,0.005814,0.205377,62,311,anchor,294,272,False,False
114,0,final_only,114,0.420690,0.418649,0.736917,0.180330,0.991503,0.991473,0.996141,0.987978,149,83,44,105,39,0.234043,0.051282,0.425151,72,335,anchor,294,272,False,False
115,0,full,115,0.609726,0.829191,0.770111,0.579797,0.994275,0.997494,0.996629,0.993837,150,140,89,61,51,0.442786,0.048387,0.728205,137,680,anchor,328,291,False,False
115,0,no_final,115,0.609726,0.608011,0.713832,0.396882,0.994275,0.994251,0.995803,0.991154,150,68,37,113,31,0.204420,0.068182,0.310103,61,335,anchor,328,291,False,False
115,0,final_only,115,0.609726,0.775126,0.756497,0.542329,0.994275,0.996702,0.996429,0.993287,150,110,77,73,33,0.420765,0.059908,0.650825,75,343,anchor,328,291,False,False
116,0,full,116,0.482465,0.620661,0.745056,0.371887,0.992409,0.994436,0.996261,0.990787,136,106,76,60,30,0.457831,0.018519,0.689172,133,648,anchor,148,52,False,False
116,0,no_final,116,0.482465,0.252310,0.728989,0.191831,0.992409,0.989033,0.996025,0.988146,136,76,48,88,28,0.292683,0.010638,0.477539,60,320,anchor,148,52,False,False
116,0,final_only,116,0.482465,0.555900,0.765757,0.325238,0.992409,0.993486,0.996564,0.990103,136,91,69,67,22,0.436709,0.014851,0.639779,72,326,anchor,148,52,False,False
117,0,full,117,0.710852,0.777756,0.808401,0.643464,0.995759,0.996740,0.997190,0.994771,134,113,72,62,41,0.411429,0.013274,0.684452,135,667,anchor,87,53,False,False
117,0,no_final,117,0.710852,0.644997,0.716064,0.564514,0.995759,0.994793,0.995836,0.993613,134,72,42,92,30,0.256098,0.010753,0.460203,66,363,anchor,87,53,False,False
117,0,final_only,117,0.710852,0.646557,0.836522,0.565074,0.995759,0.994816,0.997603,0.993622,134,74,37,97,37,0.216374,0.021505,0.437183,68,302,anchor,87,53,False,False
118,0,full,118,0.654480,0.580032,0.787963,0.465043,0.994932,0.993840,0.996890,0.992154,130,91,43,87,48,0.241573,0.022599,0.436062,136,626,anchor,87,73,False,False
118,0,no_final,118,0.654480,0.312139,0.780231,0.351905,0.994932,0.989910,0.996776,0.990494,130,75,21,109,54,0.114130,0.031250,0.194606,60,289,anchor,87,73,False,False
118,0,final_only,118,0.654480,0.575946,0.767218,0.434102,0.994932,0.993780,0.996586,0.991700,130,79,41,89,38,0.244048,0.018072,0.368538,75,335,anchor,87,73,False,False
119,0,full,119,0.729249,0.663320,0.803993,0.547907,0.996029,0.995062,0.997125,0.993369,113,76,56,57,20,0.421053,0.010582,0.685416,136,605,anchor,136,98,False,False
119,0,no_final,119,0.729249,0.089949,0.824324,0.096955,0.996029,0.986652,0.997423,0.986755,113,68,21,92,47,0.131250,0.011050,0.189011,69,333,anchor,136,98,False,False
119,0,final_only,119,0.729249,0.515611,0.773796,0.423045,0.996029,0.992895,0.996682,0.991538,113,53,37,76,16,0.286822,0.000000,0.509944,66,270,anchor,136,98,False,False
120,0,full,120,0.601148,0.379957,0.713962,0.221148,0.994150,0.990906,0.995805,0.988576,60,66,28,32,38,0.285714,0.050360,0.642502,134,646,anchor,266,242,True,False
120,0,no_final,120,0.601148,0.002131,0.725011,0.022191,0.994150,0.985363,0.995967,0.985658,60,59,15,45,44,0.144231,0.053030,0.422988,57,317,anchor,266,242,False,False
120,0,final_only,120,0.601148,0.225752,0.693609,0.037074,0.994150,0.988644,0.995506,0.985876,60,59,19,41,40,0.190000,0.037313,0.331291,76,327,anchor,266,242,True,False
121,0,full,121,0.663711,0.851520,0.756302,0.621136,0.995068,0.997822,0.996426,0.994443,98,93,69,29,24,0.565574,0.007576,0.818681,135,706,anchor,364,347,False,False
121,0,no_final,121,0.663711,0.228500,0.723501,0.210596,0.995068,0.988684,0.995945,0.988422,98,41,12,86,29,0.094488,0.004695,0.173409,57,334,anchor,364,347,False,False
121,0,final_only,121,0.663711,0.789174,0.743512,0.587346,0.995068,0.996908,0.996238,0.993947,98,85,52,46,33,0.396947,0.007812,0.693029,77,370,anchor,364,347,False,False
122,0,full,122,0.625861,0.854123,0.680986,0.569514,0.994512,0.997860,0.995321,0.993686,101,97,76,25,21,0.622951,0.035354,0.823016,136,676,anchor,359,337,False,False
122,0,no_final,122,0.625861,0.785419,0.696301,0.527099,0.994512,0.996853,0.995545,0.993064,101,76,61,40,15,0.525862,0.022222,0.719179,66,345,anchor,359,337,False,False
122,0,final_only,122,0.625861,0.824840,0.695077,0.560997,0.994512,0.997431,0.995528,0.993561,101,95,72,29,23,0.580645,0.030457,0.809875,69,329,anchor,359,337,False,False
123,0,full,123,0.612092,0.625007,0.714770,0.426925,0.994310,0.994500,0.995816,0.991594,118,92,58,60,34,0.381579,0.010471,0.607531,135,692,anchor,281,255,False,False
123,0,no_final,123,0.612092,0.139069,0.854526,0.157708,0.994310,0.987372,0.997867,0.987646,118,73,23,95,50,0.136905,0.048193,0.190742,66,346,anchor,281,255,False,False
123,0,final_only,123,0.612092,0.531171,0.694974,0.369791,0.994310,0.993124,0.995526,0.990756,118,79,50,68,29,0.340136,0.011236,0.528703,68,344,anchor,281,255,False,False
124,0,full,124,0.777266,0.920049,0.804976,0.743994,0.996733,0.998828,0.997140,0.996245,155,147,111,44,36,0.581152,0.000000,0.822510,135,713,anchor,447,431,False,False
124,0,no_final,124,0.777266,0.574182,0.766269,0.542816,0.996733,0.993755,0.996571,0.993294,155,91,39,116,52,0.188406,0.005747,0.332573,59,344,anchor,447,431,False,False
124,0,final_only,124,0.777266,0.877319,0.825780,0.735589,0.996733,0.998201,0.997445,0.996122,155,132,103,52,29,0.559783,0.000000,0.764751,75,367,anchor,447,431,False,False
125,0,full,125,0.685648,0.827935,0.790886,0.632698,0.995389,0.997476,0.996933,0.994612,114,92,62,52,30,0.430556,0.011765,0.664195,135,598,anchor,128,108,False,False
125,0,no_final,125,0.685648,0.189821,0.758548,0.175199,0.995389,0.988117,0.996459,0.987902,114,69,11,103,58,0.063953,0.027586,0.201839,61,305,anchor,128,108,False,False
125,0,final_only,125,0.685648,0.816022,0.790600,0.646494,0.995389,0.997302,0.996929,0.994815,114,91,63,51,28,0.443662,0.011834,0.687158,73,291,anchor,128,108,False,False
126,0,full,126,0.997810,0.980339,0.896879,0.904800,0.999969,0.999712,0.998488,0.998604,566,67,67,499,0,0.118375,0.017241,0.373242,135,632,anchor,427,55,False,False
126,0,no_final,126,0.997810,0.939016,0.860059,0.881721,0.999969,0.999106,0.997948,0.998266,566,11,11,555,0,0.019435,0.016807,0.115120,61,325,anchor,427,55,False,False
126,0,final_only,126,0.997810,0.968666,0.886323,0.896444,0.999969,0.999541,0.998334,0.998482,566,27,27,539,0,0.047703,0.014815,0.263548,73,305,anchor,427,55,False,False
127,0,full,127,0.809912,0.950426,0.832208,0.782030,0.997212,0.999273,0.997539,0.996803,158,133,118,40,15,0.682081,0.004464,0.850964,130,752,anchor,411,375,False,False
127,0,no_final,127,0.809912,0.611806,0.703880,0.580309,0.997212,0.994306,0.995657,0.993845,158,54,29,129,25,0.158470,0.013889,0.242975,52,296,anchor,411,375,False,False
127,0,final_only,127,0.809912,0.908665,0.836580,0.766957,0.997212,0.998660,0.997603,0.996582,158,127,103,55,24,0.565934,0.009217,0.774777,77,454,anchor,411,375,False,False
128,0,full,128,0.599305,0.786397,0.671574,0.523597,0.994123,0.996867,0.995182,0.993012,143,113,75,68,38,0.414365,0.013158,0.675680,130,608,anchor,384,222,False,False
128,0,no_final,128,0.599305,0.405651,0.657077,0.325441,0.994123,0.991282,0.994970,0.990106,143,42,27,116,15,0.170886,0.019108,0.281424,57,324,anchor,384,222,False,False
128,0,final_only,128,0.599305,0.663127,0.664450,0.463782,0.994123,0.995059,0.995078,0.992135,143,94,58,85,36,0.324022,0.019231,0.566979,72,282,anchor,384,222,False,False
129,0,full,129,0.540862,0.759194,0.755063,0.488591,0.993265,0.996468,0.996407,0.992499,85,71,55,30,16,0.544554,0.021930,0.788877,132,658,anchor,348,334,False,False
129,0,no_final,129,0.540862,0.544529,0.713274,0.386949,0.993265,0.993319,0.995794,0.991008,85,47,38,47,9,0.404255,0.004808,0.661395,56,294,anchor,348,334,False,False
129,0,final_only,129,0.540862,0.672448,0.788686,0.464879,0.993265,0.995196,0.996901,0.992151,85,61,48,37,13,0.489796,0.004505,0.736806,75,362,anchor,348,334,False,False
130,0,full,130,0.862111,0.818208,0.860121,0.814543,0.997977,0.997334,0.997948,0.997280,105,101,69,36,32,0.503650,0.032389,0.852402,137,686,anchor,363,242,False,False
130,0,no_final,130,0.862111,0.378296,0.695203,0.526600,0.997977,0.990881,0.995530,0.993056,105,62,22,83,40,0.151724,0.014085,0.319887,65,339,anchor,363,242,False,False
130,0,final_only,130,0.862111,0.710259,0.841573,0.764294,0.997977,0.995751,0.997676,0.996543,105,91,55,50,36,0.390071,0.029412,0.761625,71,345,anchor,363,242,False,False
131,0,full,131,0.564227,0.774886,0.614893,0.500664,0.993608,0.996698,0.994352,0.992676,81,69,50,31,19,0.500000,0.010811,0.801449,132,666,anchor,376,217,False,False
131,0,no_final,131,0.564227,-0.123401,0.814790,0.024108,0.993608,0.983522,0.997283,0.985686,81,44,8,73,36,0.068376,0.025316,0.077740,57,332,anchor,376,217,False,False
131,0,final_only,131,0.564227,0.658082,0.633868,0.439185,0.993608,0.994985,0.994629,0.991774,81,70,39,42,31,0.348214,0.021739,0.727261,74,332,anchor,376,217,False,False
132,0,full,132,0.588958,0.850792,0.650542,0.571943,0.993971,0.997812,0.994874,0.993721,77,90,57,20,33,0.518182,0.012448,0.847709,134,681,anchor,102,90,False,False
132,0,no_final,132,0.588958,0.527107,0.525225,0.396975,0.993971,0.993064,0.993036,0.991155,77,73,27,50,46,0.219512,0.022523,0.537689,55,329,anchor,102,90,False,False
132,0,final_only,132,0.588958,0.838488,0.677139,0.565250,0.993971,0.997631,0.995264,0.993623,77,81,54,23,27,0.519231,0.012931,0.813232,78,350,anchor,102,90,False,False
133,0,full,133,0.669353,0.722716,0.779574,0.537402,0.995151,0.995933,0.996767,0.993215,150,122,71,79,51,0.353234,0.069444,0.601138,137,694,anchor,335,273,False,False
133,0,no_final,133,0.669353,0.386348,0.668458,0.302055,0.995151,0.990999,0.995137,0.989763,150,43,17,133,26,0.096591,0.034014,0.128075,64,355,anchor,335,273,False,False
133,0,final_only,133,0.669353,0.666456,0.795352,0.533863,0.995151,0.995108,0.996998,0.993163,150,98,59,91,39,0.312169,0.056122,0.528547,72,337,anchor,335,273,False,False
134,0,full,134,0.524243,0.770104,0.668484,0.402739,0.993022,0.996628,0.995138,0.991240,119,100,66,53,34,0.431373,0.009390,0.686918,134,580,anchor,84,71,False,False
134,0,no_final,134,0.524243,0.176791,0.729902,0.034915,0.993022,0.987926,0.996039,0.985845,119,41,10,109,31,0.066667,0.033113,0.122457,64,303,anchor,84,71,False,False
134,0,final_only,134,0.524243,0.694125,0.666559,0.386374,0.993022,0.995514,0.995109,0.991000,119,90,59,60,31,0.393333,0.009852,0.652377,69,275,anchor,84,71,False,False
135,0,full,135,0.704901,0.857893,0.764354,0.656467,0.995672,0.997916,0.996544,0.994961,99,91,67,32,24,0.544715,0.005291,0.732476,134,679,anchor,206,183,False,False
135,0,no_final,135,0.704901,0.730964,0.803364,0.596178,0.995672,0.996054,0.997116,0.994077,99,55,41,58,14,0.362832,0.013158,0.495167,61,361,anchor,206,183,False,False
135,0,final_only,135,0.704901,0.803610,0.791311,0.629229,0.995672,0.997119,0.996938,0.994561,99,74,51,48,23,0.418033,0.005814,0.610708,72,316,anchor,206,183,False,False
136,0,full,136,0.471331,0.580896,0.662557,0.302476,0.992246,0.993853,0.995051,0.989769,117,82,51,66,31,0.344595,0.006410,0.536434,132,650,anchor,334,319,False,False
136,0,no_final,136,0.471331,0.122166,0.630045,0.044972,0.992246,0.987124,0.994574,0.985992,117,63,16,101,47,0.097561,0.000000,0.170643,55,280,anchor,334,319,False,False
136,0,final_only,136,0.471331,0.456640,0.695877,0.226681,0.992246,0.992030,0.995539,0.988657,117,60,41,76,19,0.301471,0.007463,0.442230,76,368,anchor,334,319,False,False
137,0,full,137,0.762687,0.864787,0.817456,0.663428,0.996520,0.998017,0.997323,0.995064,158,114,81,77,33,0.424084,0.009709,0.683836,133,747,anchor,81,63,False,False
137,0,no_final,137,0.762687,0.379926,0.752275,0.430899,0.996520,0.990905,0.996367,0.991654,158,49,22,136,27,0.118919,0.021429,0.150849,50,313,anchor,81,63,False,False
137,0,final_only,137,0.762687,0.687601,0.833115,0.553128,0.996520,0.995418,0.997552,0.993446,158,94,53,105,41,0.266332,0.005348,0.527888,82,432,anchor,81,63,False,False
138,0,full,138,0.436255,0.864580,0.551257,0.406321,0.991731,0.998013,0.993418,0.991292,97,89,68,29,21,0.576271,0.017778,0.801299,131,607,anchor,228,200,False,False
138,0,no_final,138,0.436255,0.519884,0.629487,0.305705,0.991731,0.992958,0.994565,0.989816,97,66,39,58,27,0.314516,0.004878,0.585581,57,298,anchor,228,200,False,False
138,0,final_only,138,0.436255,0.846596,0.558934,0.397731,0.991731,0.997749,0.993530,0.991166,97,89,66,31,23,0.550000,0.017778,0.789959,73,307,anchor,228,200,False,False
139,0,full,139,0.491839,0.875119,0.601006,0.467647,0.992546,0.998168,0.994148,0.992191,166,145,113,53,32,0.570707,0.044177,0.800282,135,675,anchor,265,241,False,False
139,0,no_final,139,0.491839,0.306322,0.645792,0.196901,0.992546,0.989825,0.994805,0.988221,166,64,26,140,38,0.127451,0.028736,0.204811,59,309,anchor,265,241,False,False
139,0,final_only,139,0.491839,0.781975,0.617139,0.422778,0.992546,0.996802,0.994385,0.991533,166,120,81,85,39,0.395122,0.030702,0.653271,75,364,anchor,265,241,False,False
140,0,full,140,0.752580,0.629959,0.838712,0.601701,0.996371,0.994572,0.997635,0.994158,92,70,39,53,31,0.317073,0.059603,0.670978,135,616,anchor,97,82,False,False
140,0,no_final,140,0.752580,-0.238319,0.695568,-0.232152,0.996371,0.981837,0.995535,0.981927,92,50,12,80,38,0.092308,0.052632,0.182187,56,267,anchor,97,82,False,False
140,0,final_only,140,0.752580,0.516692,0.756360,0.425677,0.996371,0.992912,0.996426,0.991576,92,53,27,65,26,0.228814,0.067164,0.323684,78,347,anchor,97,82,False,False
141,0,full,141,0.716037,0.759404,0.810926,0.611482,0.995835,0.996471,0.997227,0.994302,146,124,77,69,47,0.398964,0.063348,0.639423,136,728,anchor,387,84,False,False
141,0,no_final,141,0.716037,0.544417,0.801722,0.523717,0.995835,0.993318,0.997092,0.993015,146,77,40,106,37,0.218579,0.056180,0.346379,60,320,anchor,387,84,False,False
141,0,final_only,141,0.716037,0.641837,0.802435,0.548825,0.995835,0.994747,0.997102,0.993383,146,94,58,88,36,0.318681,0.051282,0.505187,75,406,anchor,387,84,False,False
142,0,full,142,0.634073,0.638041,0.800891,0.511567,0.994633,0.994691,0.997080,0.992836,177,122,79,98,43,0.359091,0.014354,0.584707,133,699,anchor,200,169,False,False
142,0,no_final,142,0.634073,0.462407,0.738947,0.394684,0.994633,0.992115,0.996171,0.991122,177,51,34,143,17,0.175258,0.029197,0.276792,62,375,anchor,200,169,False,False
142,0,final_only,142,0.634073,0.558524,0.844098,0.465449,0.994633,0.993525,0.997713,0.992159,177,88,52,125,36,0.244131,0.011364,0.447528,70,322,anchor,200,169,False,False
143,0,full,143,0.449539,0.814448,0.581638,0.410939,0.991927,0.997279,0.993864,0.991360,101,95,68,33,27,0.531250,0.043269,0.783160,137,717,anchor,271,216,False,False
143,0,no_final,143,0.449539,0.653720,0.575875,0.297823,0.991927,0.994922,0.993779,0.989701,101,73,46,55,27,0.359375,0.071429,0.563319,60,362,anchor,271,216,False,False
143,0,final_only,143,0.449539,0.629000,0.606796,0.355495,0.991927,0.994559,0.994233,0.990547,101,94,60,41,34,0.444444,0.043478,0.702202,76,353,anchor,271,216,False,False
144,0,full,144,0.483070,0.574820,0.760719,0.395887,0.992418,0.993763,0.996490,0.991139,85,74,53,32,21,0.500000,0.005882,0.809388,134,609,anchor,107,90,False,False
144,0,no_final,144,0.483070,0.195210,0.535670,-0.085321,0.992418,0.988196,0.993190,0.984081,85,58,39,46,19,0.375000,0.000000,0.571072,58,289,anchor,107,90,False,False
144,0,final_only,144,0.483070,0.358063,0.824920,0.228903,0.992418,0.990585,0.997432,0.988690,85,64,43,42,21,0.405660,0.012579,0.729702,75,318,anchor,107,90,False,False
145,0,full,145,0.765592,0.834658,0.827166,0.691213,0.996562,0.997575,0.997466,0.995471,107,112,69,38,43,0.460000,0.030303,0.677266,131,602,anchor,447,422,False,False
145,0,no_final,145,0.765592,0.339694,0.777083,0.378526,0.996562,0.990315,0.996731,0.990885,107,59,24,83,35,0.169014,0.018605,0.257232,57,280,anchor,447,422,False,False
145,0,final_only,145,0.765592,0.823982,0.824245,0.692133,0.996562,0.997419,0.997422,0.995485,107,112,71,36,41,0.479730,0.034221,0.675302,73,320,anchor,447,422,False,False
146,0,full,146,0.770272,0.867778,0.819536,0.689468,0.996631,0.998061,0.997353,0.995445,92,88,64,28,24,0.551724,0.065000,0.808288,128,654,anchor,86,65,False,False
146,0,no_final,146,0.770272,0.546395,0.808521,0.486560,0.996631,0.993347,0.997192,0.992469,92,58,29,63,29,0.239669,0.022346,0.368056,55,292,anchor,86,65,False,False
146,0,final_only,146,0.770272,0.829326,0.789935,0.683361,0.996631,0.997497,0.996919,0.995356,92,84,54,38,30,0.442623,0.050251,0.713265,72,360,anchor,86,65,False,False
147,0,full,147,0.662510,0.806863,0.781047,0.591283,0.995050,0.997168,0.996789,0.994005,181,153,106,75,47,0.464912,0.020833,0.696444,131,704,anchor,184,63,False,False
147,0,no_final,147,0.662510,0.599060,0.729046,0.449828,0.995050,0.994119,0.996026,0.991930,181,54,27,154,27,0.129808,0.005155,0.250610,57,312,anchor,184,63,False,False
147,0,final_only,147,0.662510,0.754810,0.778803,0.559386,0.995050,0.996404,0.996755,0.993537,181,145,95,86,50,0.411255,0.025090,0.634934,73,390,anchor,184,63,False,False
148,0,full,148,0.479099,0.286436,0.737680,0.222788,0.992360,0.989534,0.996153,0.988600,130,54,27,103,27,0.171975,0.104348,0.309317,133,654,anchor,434,409,False,False
148,0,no_final,148,0.479099,0.066723,0.669590,0.164519,0.992360,0.986312,0.995154,0.987745,130,60,23,107,37,0.137725,0.072581,0.270794,55,292,anchor,434,409,False,False
148,0,final_only,148,0.479099,0.242951,0.744338,0.208859,0.992360,0.988896,0.996250,0.988396,130,39,21,109,18,0.141892,0.108911,0.278557,77,360,anchor,434,409,False,False
149,0,full,149,0.664798,0.473825,0.832564,0.368331,0.995083,0.992282,0.997544,0.990735,72,87,33,39,54,0.261905,0.009259,0.434077,136,714,anchor,96,75,False,False
149,0,no_final,149,0.664798,0.238898,0.722487,0.150538,0.995083,0.988836,0.995930,0.987541,72,54,24,48,30,0.235294,0.005435,0.378682,61,359,anchor,96,75,False,False
149,0,final_only,149,0.664798,0.531856,0.789738,0.426048,0.995083,0.993134,0.996916,0.991582,72,63,35,37,28,0.350000,0.005181,0.570052,74,353,anchor,96,75,False,False
150,0,full,150,0.569076,0.591860,0.796947,0.436742,0.993680,0.994014,0.997022,0.991738,92,73,45,47,28,0.375000,0.037037,0.624112,134,676,anchor,452,403,False,False
150,0,no_final,150,0.569076,0.253959,0.781361,0.216248,0.993680,0.989057,0.996794,0.988505,92,59,27,65,32,0.217742,0.026667,0.420231,64,339,anchor,452,403,False,False
150,0,final_only,150,0.569076,0.465908,0.848576,0.367504,0.993680,0.992166,0.997779,0.990723,92,63,37,55,26,0.313559,0.025974,0.598803,69,335,anchor,452,403,False,False
151,0,full,151,0.437128,0.737996,0.659045,0.395612,0.991744,0.996157,0.994999,0.991135,114,87,68,46,19,0.511278,0.066667,0.759413,134,657,anchor,202,170,False,False
151,0,no_final,151,0.437128,-0.104139,0.736421,-0.054058,0.991744,0.983805,0.996134,0.984539,114,51,23,91,28,0.161972,0.006452,0.194009,59,322,anchor,202,170,False,False
151,0,final_only,151,0.437128,0.677700,0.684797,0.395858,0.991744,0.995273,0.995376,0.991138,114,86,66,48,20,0.492537,0.061111,0.726936,74,333,anchor,202,170,False,False
152,0,full,152,0.611613,0.425757,0.690008,0.330277,0.994303,0.991578,0.995453,0.990177,53,48,26,27,22,0.346667,0.087912,0.707295,132,723,anchor,475,462,False,False
152,0,no_final,152,0.611613,-0.080968,0.745887,-0.197774,0.994303,0.984145,0.996273,0.982431,53,63,9,44,54,0.084112,0.008850,0.137527,58,345,anchor,475,462,False,False
152,0,final_only,152,0.611613,0.223643,0.622016,0.174867,0.994303,0.988613,0.994456,0.987897,53,43,19,34,24,0.246753,0.093023,0.588018,73,376,anchor,475,462,False,False
153,0,full,153,0.609824,0.569661,0.810788,0.488771,0.994277,0.993688,0.997225,0.992501,74,78,48,26,30,0.461538,0.023529,0.796817,134,655,anchor,184,112,False,False
153,0,no_final,153,0.609824,0.347502,0.772020,0.311224,0.994277,0.990430,0.996656,0.989897,74,64,37,37,27,0.366337,0.073826,0.612242,62,331,anchor,184,112,False,False
153,0,final_only,153,0.609824,0.505231,0.776803,0.430538,0.994277,0.992743,0.996727,0.991647,74,55,38,36,17,0.417582,0.034247,0.706270,71,322,anchor,184,112,False,False
154,0,full,154,0.762013,0.867239,0.810089,0.709702,0.996509,0.998053,0.997214,0.995742,146,132,96,50,36,0.527473,0.085106,0.764716,136,739,anchor,266,238,False,False
154,0,no_final,154,0.762013,0.472286,0.795807,0.437349,0.996509,0.992259,0.997005,0.991747,146,63,30,116,33,0.167598,0.062857,0.233026,61,369,anchor,266,238,False,False
154,0,final_only,154,0.762013,0.788481,0.826631,0.674553,0.996509,0.996897,0.997457,0.995226,146,98,64,82,34,0.355556,0.047393,0.602262,74,368,anchor,266,238,False,False
155,0,full,155,0.668923,0.787057,0.745451,0.571429,0.995144,0.996876,0.996266,0.993714,145,125,70,75,55,0.350000,0.014925,0.648307,137,768,anchor,362,341,False,False
155,0,no_final,155,0.668923,0.327109,0.715862,0.301646,0.995144,0.990131,0.995832,0.989757,145,65,24,121,41,0.129032,0.024155,0.185348,60,374,anchor,362,341,False,False
155,0,final_only,155,0.668923,0.765123,0.759026,0.554177,0.995144,0.996555,0.996466,0.993461,145,107,64,81,43,0.340426,0.011952,0.625678,76,392,anchor,362,341,False,False
156,0,full,156,0.181557,0.285586,0.660451,-0.009347,0.987995,0.989522,0.995020,0.985196,91,59,42,49,17,0.388889,0.016598,0.635167,133,673,anchor,158,52,False,False
156,0,no_final,156,0.181557,-0.365636,0.776778,-0.343382,0.987995,0.979970,0.996726,0.980296,91,72,26,65,46,0.189781,0.044534,0.409101,57,313,anchor,158,52,False,False
156,0,final_only,156,0.181557,0.224128,0.694430,0.025735,0.987995,0.988621,0.995518,0.985709,91,61,48,43,13,0.461538,0.016461,0.740426,75,358,anchor,158,52,False,False
157,0,full,157,0.285421,0.822921,0.514957,0.257644,0.989519,0.997403,0.992886,0.989111,123,104,77,46,27,0.513333,0.006757,0.773421,132,580,anchor,111,88,False,False
157,0,no_final,157,0.285421,0.720207,0.517161,0.239707,0.989519,0.995896,0.992918,0.988848,123,80,64,59,16,0.460432,0.008065,0.708462,62,286,anchor,111,88,False,False
157,0,final_only,157,0.285421,0.741733,0.567245,0.233684,0.989519,0.996212,0.993652,0.988760,123,87,66,57,21,0.458333,0.007634,0.708880,69,292,anchor,111,88,False,False
158,0,full,158,0.697473,0.825536,0.787478,0.629014,0.995563,0.997441,0.996883,0.994559,156,136,107,49,29,0.578378,0.027273,0.813460,133,685,anchor,294,272,False,False
158,0,no_final,158,0.697473,0.423732,0.724565,0.349046,0.995563,0.991548,0.995960,0.990452,156,44,24,132,20,0.136364,0.038760,0.181913,55,315,anchor,294,272,False,False
158,0,final_only,158,0.697473,0.777348,0.796570,0.590336,0.995563,0.996734,0.997016,0.993991,156,99,74,82,25,0.408840,0.032787,0.612226,77,368,anchor,294,272,False,False
159,0,full,159,0.820777,0.664097,0.816457,0.685469,0.997372,0.995073,0.997308,0.995387,57,43,28,29,15,0.388889,0.000000,0.744341,137,681,anchor,390,372,False,False
159,0,no_final,159,0.820777,0.279939,0.750012,0.420330,0.997372,0.989438,0.996333,0.991498,57,45,20,37,25,0.243902,0.008333,0.563108,72,366,anchor,390,372,False,False
159,0,final_only,159,0.820777,0.620921,0.806941,0.650572,0.997372,0.994440,0.997169,0.994875,57,43,28,29,15,0.388889,0.000000,0.743497,64,313,anchor,390,372,False,False
160,0,full,160,0.774593,0.873763,0.821637,0.734625,0.996694,0.998148,0.997384,0.996108,135,108,85,50,23,0.537975,0.010526,0.769732,135,656,anchor,510,475,False,False
160,0,no_final,160,0.774593,0.673654,0.775337,0.596375,0.996694,0.995214,0.996705,0.994080,135,48,26,109,22,0.165605,0.000000,0.268214,59,326,anchor,510,475,False,False
160,0,final_only,160,0.774593,0.775305,0.816416,0.672947,0.996694,0.996705,0.997308,0.995203,135,72,46,89,26,0.285714,0.006452,0.532208,75,328,anchor,510,475,False,False
161,0,full,161,0.574361,0.658271,0.776644,0.430291,0.993757,0.994988,0.996724,0.991644,167,111,73,94,38,0.356098,0.025000,0.528053,137,565,anchor,374,323,False,False
161,0,no_final,161,0.574361,0.277763,0.716117,0.227220,0.993757,0.989407,0.995836,0.988665,167,49,19,148,30,0.096447,0.085106,0.174364,65,300,anchor,374,323,False,False
161,0,final_only,161,0.574361,0.525675,0.750392,0.360504,0.993757,0.993043,0.996339,0.990620,167,63,39,128,24,0.204188,0.017544,0.321777,71,263,anchor,374,323,False,False
162,0,full,162,0.658491,0.856561,0.768224,0.599759,0.994991,0.997896,0.996600,0.994130,179,145,123,56,22,0.611940,0.008065,0.806357,136,679,anchor,259,225,False,False
162,0,no_final,162,0.658491,0.370274,0.794449,0.338827,0.994991,0.990763,0.996985,0.990302,179,55,27,152,28,0.130435,0.012658,0.190190,61,329,anchor,259,225,False,False
162,0,final_only,162,0.658491,0.767802,0.784769,0.552483,0.994991,0.996594,0.996844,0.993436,179,114,93,86,21,0.465000,0.004587,0.642035,74,348,anchor,259,225,False,False
163,0,full,163,0.758092,0.885677,0.842675,0.709359,0.996452,0.998323,0.997693,0.995737,120,122,82,38,40,0.512500,0.065292,0.811222,134,649,anchor,259,222,False,False
163,0,no_final,163,0.758092,0.728150,0.830278,0.652573,0.996452,0.996013,0.997511,0.994904,120,61,43,77,18,0.311594,0.024691,0.548131,60,296,anchor,259,222,False,False
163,0,final_only,163,0.758092,0.865824,0.837373,0.701130,0.996452,0.998032,0.997615,0.995616,120,102,73,47,29,0.489933,0.046931,0.767115,73,351,anchor,259,222,False,False
164,0,full,164,0.350971,0.378278,0.681715,0.143774,0.990481,0.990881,0.995332,0.987441,103,63,38,65,25,0.296875,0.008811,0.576051,132,666,anchor,272,221,False,False
164,0,no_final,164,0.350971,-0.646257,0.761770,-0.514446,0.990481,0.975854,0.996506,0.977787,103,55,9,94,46,0.060403,0.013761,0.082002,61,331,anchor,272,221,False,False
164,0,final_only,164,0.350971,0.257133,0.784929,0.117971,0.990481,0.989104,0.996845,0.987063,103,56,26,77,30,0.195489,0.023041,0.467916,70,333,anchor,272,221,False,False
165,0,full,165,0.503672,0.716793,0.683949,0.388942,0.992720,0.995846,0.995364,0.991037,103,91,50,53,41,0.347222,0.013333,0.537363,137,676,anchor,430,408,False,False
165,0,no_final,165,0.503672,-0.103002,0.772409,-0.030902,0.992720,0.983822,0.996662,0.984879,103,49,6,97,43,0.041096,0.003831,0.061619,58,343,anchor,430,408,False,False
165,0,final_only,165,0.503672,0.588641,0.657262,0.280835,0.992720,0.993967,0.994973,0.989452,103,72,43,60,29,0.325758,0.010638,0.479588,78,331,anchor,430,408,False,False
166,0,full,166,0.285665,0.097780,0.637537,-0.074549,0.989522,0.986767,0.994683,0.984239,87,55,29,58,26,0.256637,0.006098,0.570567,134,517,anchor,207,193,False,False
166,0,no_final,166,0.285665,-1.128952,0.668993,-0.904330,0.989522,0.968774,0.995145,0.972068,87,43,12,75,31,0.101695,0.000000,0.202253,66,284,anchor,207,193,False,False
166,0,final_only,166,0.285665,0.040157,0.649460,-0.021578,0.989522,0.985922,0.994858,0.985016,87,44,21,66,23,0.190909,0.006536,0.501051,67,231,anchor,207,193,False,False
167,0,full,167,0.479459,-0.449821,0.531993,-0.671701,0.992365,0.978735,0.993136,0.975480,55,45,19,36,26,0.234568,0.007042,0.652229,130,644,anchor,149,122,False,False
167,0,no_final,167,0.479459,-0.995565,0.655122,-0.937281,0.992365,0.970730,0.994941,0.971585,55,44,14,41,30,0.164706,0.007092,0.438478,56,318,anchor,149,122,False,False
167,0,final_only,167,0.479459,-0.652042,0.716813,-0.715619,0.992365,0.975769,0.995846,0.974836,55,46,18,37,28,0.216867,0.006993,0.592824,73,324,anchor,149,122,False,False
168,0,full,168,0.458069,0.802616,0.546563,0.389588,0.992051,0.997105,0.993349,0.991046,151,140,98,53,42,0.507772,0.022727,0.754848,134,688,anchor,221,195,False,False
168,0,no_final,168,0.458069,0.694398,0.540549,0.364889,0.992051,0.995517,0.993261,0.990685,151,104,75,76,29,0.416667,0.016129,0.612242,59,338,anchor,221,195,False,False
168,0,final_only,168,0.458069,0.701790,0.630484,0.366888,0.992051,0.995625,0.994580,0.990714,151,131,82,69,49,0.410000,0.023697,0.673958,74,348,anchor,221,195,False,False
169,0,full,169,0.804523,0.793988,0.867830,0.742942,0.997133,0.996979,0.998062,0.996230,91,67,43,48,24,0.373913,0.025253,0.662337,134,699,anchor,90,59,False,False
169,0,no_final,169,0.804523,0.592366,0.801717,0.567162,0.997133,0.994021,0.997091,0.993651,91,46,23,68,23,0.201754,0.011111,0.397550,55,298,anchor,90,59,False,False
169,0,final_only,169,0.804523,0.638745,0.852471,0.665834,0.997133,0.994702,0.997836,0.995099,91,68,31,60,37,0.242188,0.009901,0.522211,78,399,anchor,90,59,False,False
170,0,full,170,0.461012,0.714100,0.621818,0.375278,0.992094,0.995806,0.994453,0.990837,95,85,52,43,33,0.406250,0.000000,0.715462,134,724,anchor,125,95,False,False
170,0,no_final,170,0.461012,0.259579,0.510828,0.200854,0.992094,0.989140,0.992825,0.988278,95,67,29,66,38,0.218045,0.000000,0.486331,56,363,anchor,125,95,False,False
170,0,final_only,170,0.461012,0.697062,0.697587,0.368209,0.992094,0.995557,0.995565,0.990733,95,70,46,49,24,0.386555,0.000000,0.653677,77,359,anchor,125,95,False,False
171,0,full,171,0.461367,0.867092,0.631719,0.435127,0.992099,0.998050,0.994599,0.991715,128,102,86,42,16,0.597222,0.009569,0.789380,137,638,anchor,106,90,False,False
171,0,no_final,171,0.461367,0.513195,0.660819,0.308621,0.992099,0.992860,0.995025,0.989859,128,79,37,91,42,0.217647,0.021739,0.415245,64,340,anchor,106,90,False,False
171,0,final_only,171,0.461367,0.729388,0.716531,0.389020,0.992099,0.996031,0.995842,0.991039,128,89,62,66,27,0.400000,0.010204,0.628272,72,296,anchor,106,90,False,False
172,0,full,172,0.785843,0.798215,0.846346,0.709972,0.996859,0.997040,0.997746,0.995746,140,123,76,64,47,0.406417,0.013761,0.758805,135,767,anchor,412,386,False,False
172,0,no_final,172,0.785843,0.537967,0.784801,0.494252,0.996859,0.993223,0.996844,0.992582,140,69,33,107,36,0.187500,0.006024,0.482807,56,368,anchor,412,386,False,False
172,0,final_only,172,0.785843,0.780547,0.871768,0.690817,0.996859,0.996781,0.998120,0.995466,140,102,70,70,32,0.406977,0.010101,0.701497,78,397,anchor,412,386,False,False
173,0,full,173,0.279116,0.737144,0.352228,0.179241,0.989426,0.996144,0.990499,0.987962,149,104,76,73,28,0.429379,0.040541,0.617668,130,677,anchor,390,364,False,False
173,0,no_final,173,0.279116,0.651716,0.428903,0.146775,0.989426,0.994892,0.991624,0.987485,149,83,59,90,24,0.341040,0.034483,0.513012,54,313,anchor,390,364,False,False
173,0,final_only,173,0.279116,0.693110,0.354687,0.163481,0.989426,0.995499,0.990535,0.987730,149,99,65,84,34,0.355191,0.031963,0.576054,75,362,anchor,390,364,False,False
174,0,full,174,0.669722,0.802371,0.792873,0.592127,0.995156,0.997101,0.996962,0.994018,148,129,87,61,42,0.457895,0.014493,0.746497,134,639,anchor,113,82,False,False
174,0,no_final,174,0.669722,0.637278,0.756576,0.475919,0.995156,0.994680,0.996429,0.992313,148,65,49,99,16,0.298780,0.020979,0.546361,56,292,anchor,113,82,False,False
174,0,final_only,174,0.669722,0.729454,0.824955,0.573240,0.995156,0.996032,0.997433,0.993741,148,112,70,78,42,0.368421,0.010471,0.668943,77,345,anchor,113,82,False,False
175,0,full,175,0.525927,0.729406,0.752964,0.416067,0.993047,0.996031,0.996377,0.991435,145,89,66,79,23,0.392857,0.053097,0.597468,135,622,anchor,167,135,False,False
175,0,no_final,175,0.525927,0.567611,0.692263,0.304100,0.993047,0.993658,0.995486,0.989793,145,57,39,106,18,0.239264,0.035176,0.440931,61,313,anchor,167,135,False,False
175,0,final_only,175,0.525927,0.677539,0.737882,0.375077,0.993047,0.995270,0.996155,0.990834,145,77,54,91,23,0.321429,0.056075,0.521254,73,307,anchor,167,135,False,False
176,0,full,176,0.701629,0.877354,0.751379,0.672862,0.995624,0.998201,0.996353,0.995202,155,159,110,45,49,0.539216,0.022140,0.817633,130,710,anchor,385,370,False,False
176,0,no_final,176,0.701629,0.579714,0.702625,0.485632,0.995624,0.993836,0.995638,0.992456,155,83,44,111,39,0.226804,0.020305,0.332101,49,312,anchor,385,370,False,False
176,0,final_only,176,0.701629,0.846510,0.767810,0.644116,0.995624,0.997749,0.996595,0.994781,155,126,87,68,39,0.448454,0.025210,0.664982,80,396,anchor,385,370,False,False
177,0,full,177,0.483839,0.670117,0.728762,0.375934,0.992429,0.995161,0.996022,0.990847,138,121,76,62,45,0.415301,0.004405,0.723316,135,585,anchor,145,120,False,False
177,0,no_final,177,0.483839,0.415942,0.737745,0.189136,0.992429,0.991434,0.996153,0.988107,138,62,33,105,29,0.197605,0.018072,0.396544,68,337,anchor,145,120,False,False
177,0,final_only,177,0.483839,0.572610,0.696574,0.328134,0.992429,0.993732,0.995549,0.990145,138,96,58,80,38,0.329545,0.004950,0.592780,66,246,anchor,145,120,False,False
178,0,full,178,0.362892,0.447729,0.674305,0.214098,0.990655,0.991900,0.995223,0.988472,115,89,56,59,33,0.378378,0.000000,0.638167,134,539,anchor,474,391,False,False
178,0,no_final,178,0.362892,0.232613,0.663383,0.128520,0.990655,0.988745,0.995063,0.987217,115,68,45,70,23,0.326087,0.011173,0.573027,70,320,anchor,474,391,False,False
178,0,final_only,178,0.362892,0.421135,0.680944,0.218298,0.990655,0.991510,0.995321,0.988535,115,77,45,70,32,0.306122,0.005291,0.565344,63,217,anchor,474,391,False,False
179,0,full,179,0.555918,0.626606,0.731257,0.398269,0.993487,0.994524,0.996058,0.991175,171,95,64,107,31,0.316832,0.016878,0.490745,132,605,anchor,306,66,False,False
179,0,no_final,179,0.555918,0.148372,0.767508,0.162906,0.993487,0.987509,0.996590,0.987722,171,50,16,155,34,0.078049,0.026178,0.156544,52,299,anchor,306,66,False,False
179,0,final_only,179,0.555918,0.649363,0.672218,0.403554,0.993487,0.994857,0.995192,0.991252,171,78,58,113,20,0.303665,0.013575,0.460105,79,304,anchor,306,66,False,False
180,0,full,180,0.684988,0.648305,0.774787,0.515993,0.995379,0.994841,0.996696,0.992901,59,53,35,24,18,0.454545,0.028736,0.729239,133,637,anchor,484,465,False,False
180,0,no_final,180,0.684988,0.036536,0.772658,0.010606,0.995379,0.985868,0.996666,0.985488,59,49,20,39,29,0.227273,0.023392,0.293797,59,299,anchor,484,465,False,False
180,0,final_only,180,0.684988,0.480964,0.737980,0.402248,0.995379,0.992387,0.996157,0.991233,59,48,24,35,24,0.289157,0.023529,0.602764,73,336,anchor,484,465,False,False
181,0,full,181,0.650752,0.699463,0.772058,0.508214,0.994877,0.995591,0.996657,0.992787,120,97,56,64,41,0.347826,0.031818,0.635858,137,660,anchor,134,117,False,False
181,0,no_final,181,0.650752,-0.011927,0.714369,0.118117,0.994877,0.985157,0.995811,0.987065,120,49,11,109,38,0.069620,0.040698,0.122503,60,319,anchor,134,117,False,False
181,0,final_only,181,0.650752,0.611179,0.752539,0.435426,0.994877,0.994297,0.996370,0.991719,120,81,47,73,34,0.305195,0.024272,0.525360,76,339,anchor,134,117,False,False
182,0,full,182,0.754694,0.828575,0.799015,0.678054,0.996402,0.997485,0.997052,0.995278,153,123,86,67,37,0.452632,0.018051,0.711007,138,718,anchor,302,257,False,False
182,0,no_final,182,0.754694,0.726075,0.791571,0.607718,0.996402,0.995982,0.996943,0.994246,153,82,45,108,37,0.236842,0.016878,0.424047,64,374,anchor,302,257,False,False
182,0,final_only,182,0.754694,0.761883,0.804949,0.670982,0.996402,0.996508,0.997140,0.995174,153,110,74,79,36,0.391534,0.018939,0.639753,73,342,anchor,302,257,False,False
183,0,full,183,0.522383,0.680469,0.750350,0.406688,0.992994,0.995313,0.996339,0.991298,105,77,57,48,20,0.456000,0.005435,0.674660,134,654,anchor,211,196,False,False
183,0,no_final,183,0.522383,0.449397,0.707282,0.231645,0.992994,0.991924,0.995706,0.988730,105,60,34,71,26,0.259542,0.005988,0.408304,61,317,anchor,211,196,False,False
183,0,final_only,183,0.522383,0.537369,0.758231,0.331987,0.992994,0.993215,0.996454,0.990202,105,71,44,61,27,0.333333,0.000000,0.591234,72,335,anchor,211,196,False,False
184,0,full,184,0.392082,0.821232,0.543170,0.371936,0.991083,0.997378,0.993299,0.990788,177,155,115,62,40,0.529954,0.013559,0.761531,134,647,anchor,309,249,False,False
184,0,no_final,184,0.392082,-0.314175,0.707193,-0.151888,0.991083,0.980725,0.995705,0.983105,177,36,0,177,36,0.000000,0.016949,0.000000,58,322,anchor,309,249,False,False
184,0,final_only,184,0.392082,0.743330,0.473273,0.268893,0.991083,0.996236,0.992274,0.989276,177,147,103,74,44,0.466063,0.024648,0.681023,75,323,anchor,309,249,False,False
185,0,full,185,0.229559,0.351526,0.662887,0.041056,0.988700,0.990489,0.995055,0.985935,98,98,40,58,58,0.256410,0.006410,0.490080,135,566,anchor,273,241,False,False
185,0,no_final,185,0.229559,0.260790,0.703421,0.011750,0.988700,0.989158,0.995650,0.985505,98,57,31,67,26,0.250000,0.026549,0.424876,65,305,anchor,273,241,False,False
185,0,final_only,185,0.229559,0.149673,0.761676,-0.015436,0.988700,0.987528,0.996505,0.985107,98,76,31,67,45,0.216783,0.015038,0.387050,69,259,anchor,273,241,False,False
186,0,full,186,0.219805,0.474753,0.409013,0.052121,0.988556,0.992296,0.991332,0.986097,105,88,56,49,32,0.408759,0.005587,0.694767,135,592,anchor,177,116,False,False
186,0,no_final,186,0.219805,0.219473,0.426694,-0.067092,0.988556,0.988552,0.991591,0.984348,105,82,47,58,35,0.335714,0.011628,0.626314,67,297,anchor,177,116,False,False
186,0,final_only,186,0.219805,0.544520,0.377326,0.052328,0.988556,0.993319,0.990867,0.986100,105,95,56,49,39,0.388889,0.000000,0.706413,67,293,anchor,177,116,False,False
187,0,full,187,0.272445,0.742034,0.372001,0.176568,0.989328,0.996216,0.990789,0.987922,121,82,68,53,14,0.503704,0.000000,0.735622,134,606,anchor,242,215,False,False
187,0,no_final,187,0.272445,0.667319,0.399834,0.188905,0.989328,0.995120,0.991197,0.988103,121,79,65,56,14,0.481481,0.000000,0.705363,65,312,anchor,242,215,False,False
187,0,final_only,187,0.272445,0.720714,0.475584,0.212029,0.989328,0.995904,0.992308,0.988442,121,77,62,59,15,0.455882,0.000000,0.697416,68,292,anchor,242,215,False,False
188,0,full,188,0.852953,0.851504,0.907498,0.783136,0.997843,0.997822,0.998643,0.996819,95,74,54,41,20,0.469565,0.005780,0.787674,134,699,anchor,224,140,False,False
188,0,no_final,188,0.852953,0.320361,0.762540,0.277335,0.997843,0.990032,0.996517,0.989400,95,54,18,77,36,0.137405,0.033557,0.194120,56,315,anchor,224,140,False,False
188,0,final_only,188,0.852953,0.743935,0.913255,0.724741,0.997843,0.996244,0.998728,0.995963,95,68,46,49,22,0.393162,0.012048,0.690417,77,382,anchor,224,140,False,False
189,0,full,189,0.815147,0.870999,0.841054,0.750067,0.997289,0.998108,0.997668,0.996334,114,92,66,48,26,0.471429,0.000000,0.734517,135,738,anchor,210,179,False,False
189,0,no_final,189,0.815147,0.715982,0.805801,0.651927,0.997289,0.995834,0.997151,0.994895,114,62,34,80,28,0.239437,0.007299,0.455207,60,336,anchor,210,179,False,False
189,0,final_only,189,0.815147,0.828962,0.873204,0.711824,0.997289,0.997491,0.998140,0.995773,114,83,61,53,22,0.448529,0.012739,0.679723,74,400,anchor,210,179,False,False
190,0,full,190,0.625917,0.719326,0.759644,0.505831,0.994513,0.995883,0.996475,0.992752,91,92,57,34,35,0.452381,0.081395,0.750849,135,655,anchor,373,349,False,False
190,0,no_final,190,0.625917,0.157096,0.774691,0.214545,0.994513,0.987637,0.996696,0.988479,91,56,22,69,34,0.176000,0.063830,0.342415,57,307,anchor,373,349,False,False
190,0,final_only,190,0.625917,0.679761,0.758940,0.490374,0.994513,0.995303,0.996464,0.992525,91,86,57,34,29,0.475000,0.097561,0.749715,77,346,anchor,373,349,False,False
191,0,full,191,0.675446,0.841850,0.771558,0.619105,0.995240,0.997680,0.996649,0.994413,125,121,80,45,41,0.481928,0.034351,0.771903,134,607,anchor,347,329,False,False
191,0,no_final,191,0.675446,0.633193,0.716062,0.522176,0.995240,0.994620,0.995835,0.992992,125,61,35,90,26,0.231788,0.014423,0.375879,57,291,anchor,347,329,False,False
191,0,final_only,191,0.675446,0.788807,0.777507,0.594692,0.995240,0.996902,0.996736,0.994055,125,91,62,63,29,0.402597,0.025532,0.632456,76,314,anchor,347,329,False,False
192,0,full,192,-0.224562,0.312452,0.543817,-0.311153,0.982038,0.989916,0.993309,0.980768,104,80,57,47,23,0.448819,0.005181,0.680807,135,611,anchor,419,192,False,False
192,0,no_final,192,-0.224562,-0.478350,0.673939,-0.663712,0.982038,0.978316,0.995217,0.975597,104,55,31,73,24,0.242188,0.005952,0.447351,59,318,anchor,419,192,False,False
192,0,final_only,192,-0.224562,0.198034,0.401074,-0.342028,0.982038,0.988238,0.991215,0.980315,104,78,51,53,27,0.389313,0.005236,0.606980,75,291,anchor,419,192,False,False
193,0,full,193,0.265868,0.788208,0.497284,0.215328,0.989232,0.996894,0.992626,0.988491,109,72,65,44,7,0.560345,0.039474,0.755306,127,595,anchor,228,211,False,False
193,0,no_final,193,0.265868,0.548416,0.505055,0.070993,0.989232,0.993377,0.992741,0.986374,109,66,44,65,22,0.335878,0.070423,0.551537,47,237,anchor,228,211,False,False
193,0,final_only,193,0.265868,0.179788,0.641451,-0.151450,0.989232,0.987970,0.994741,0.983111,109,52,37,72,15,0.298387,0.045455,0.472840,79,356,anchor,228,211,False,False
194,0,full,194,0.559803,0.461867,0.819643,0.362997,0.993543,0.992107,0.997355,0.990657,98,73,47,51,26,0.379032,0.000000,0.631618,136,643,anchor,499,353,False,False
194,0,no_final,194,0.559803,0.096145,0.802033,-0.001024,0.993543,0.986743,0.997097,0.985318,98,77,20,78,57,0.129032,0.022936,0.173077,63,355,anchor,499,353,False,False
194,0,final_only,194,0.559803,0.332433,0.783897,0.275476,0.993543,0.990208,0.996831,0.989373,98,68,39,59,29,0.307087,0.004695,0.584149,72,286,anchor,499,353,False,False
195,0,full,195,0.939905,0.769772,0.893472,0.818488,0.999119,0.996623,0.998438,0.997338,37,41,17,20,24,0.278689,0.015152,0.804593,135,618,anchor,109,88,False,False
195,0,no_final,195,0.939905,-0.635880,0.714696,-0.375295,0.999119,0.976006,0.995815,0.979828,37,45,3,34,42,0.037975,0.000000,0.024550,57,285,anchor,109,88,False,False
195,0,final_only,195,0.939905,0.747327,0.881474,0.795317,0.999119,0.996294,0.998261,0.996998,37,42,18,19,24,0.295082,0.015075,0.801269,77,331,anchor,109,88,False,False
196,0,full,196,0.604072,0.821243,0.739157,0.546669,0.994193,0.997378,0.996174,0.993351,158,140,91,67,49,0.439614,0.080139,0.689235,136,743,anchor,223,200,False,False
196,0,no_final,196,0.604072,0.469771,0.635114,0.294242,0.994193,0.992223,0.994648,0.989649,158,41,20,138,21,0.111732,0.044554,0.180040,61,355,anchor,223,200,False,False
196,0,final_only,196,0.604072,0.698482,0.622484,0.492364,0.994193,0.995578,0.994463,0.992554,158,124,67,91,57,0.311628,0.057554,0.555991,74,386,anchor,223,200,False,False
197,0,full,197,0.782350,0.905944,0.839322,0.744695,0.996808,0.998621,0.997643,0.996256,200,160,130,70,30,0.565217,0.068027,0.761731,135,738,anchor,145,99,False,False
197,0,no_final,197,0.782350,0.503970,0.783078,0.479690,0.996808,0.992725,0.996818,0.992368,200,60,21,179,39,0.087866,0.023923,0.150549,57,373,anchor,145,99,False,False
197,0,final_only,197,0.782350,0.745378,0.806723,0.658754,0.996808,0.996266,0.997165,0.994995,200,105,73,127,32,0.314655,0.057143,0.463019,77,363,anchor,145,99,False,False
198,0,full,198,0.679343,0.857539,0.768021,0.642578,0.995297,0.997910,0.996598,0.994757,105,108,62,43,46,0.410596,0.000000,0.744487,135,669,anchor,263,177,False,False
198,0,no_final,198,0.679343,0.692810,0.740575,0.568695,0.995297,0.995495,0.996195,0.993674,105,45,25,80,20,0.200000,0.006061,0.388741,63,339,anchor,263,177,False,False
198,0,final_only,198,0.679343,0.811668,0.763783,0.633266,0.995297,0.997238,0.996535,0.994621,105,84,54,51,30,0.400000,0.000000,0.684484,71,328,anchor,263,177,False,False
199,0,full,199,0.641210,0.832197,0.715293,0.592001,0.994737,0.997538,0.995824,0.994015,112,100,73,39,27,0.525180,0.023810,0.770679,134,662,anchor,495,474,False,False
199,0,no_final,199,0.641210,0.745852,0.701647,0.541877,0.994737,0.996272,0.995624,0.993280,112,63,46,66,17,0.356589,0.054688,0.562876,54,303,anchor,495,474,False,False
199,0,final_only,199,0.641210,0.788657,0.684552,0.557344,0.994737,0.996900,0.995373,0.993507,112,83,65,47,18,0.500000,0.033333,0.695155,79,357,anchor,495,474,False,False
